id,name,type,lat,lon,status_lokasi,contact_number
a0b1ce08-ac91-4e32-aeb3-8b0664d1f3c4,Pertamina,GAS_STATION,-6.5272514,106.7644442,Buka,
04468bfb-c757-4d4a-9d24-15e11514f1a0,POLSEK BOGOR TENGAH,POLICE_STATION,-6.5822096,106.7935692,Buka 24 Jam,
dcb22b02-cf22-455b-9d35-00ec4deb1da2,Polsek Pancoran Mas,POLICE_STATION,-6.3951334,106.7984726,Buka 24 Jam,
ede1ee0f-1f0c-4331-bdd2-027913f069b6,SPBU 34-16115,GAS_STATION,-6.5947641,106.7840646,Buka 24 Jam,
9ecf09eb-cc0d-4ee6-9755-bae7f91fb11c,SPBU Leuwiliang,GAS_STATION,-6.5732701,106.6308059,Buka,
1f54d32f-5ceb-4006-90d7-a118bfa6d030,RSUD R. Moh. Noh Nur,HOSPITAL,-6.5747943,106.6274907,Buka 24 Jam,
cf7f0f4f-e600-402e-8e92-07563635ad47,POLSEK Leuwiliang,POLICE_STATION,-6.5731402,106.6389227,Buka 24 Jam,
b0fc1296-ba20-430d-bb6d-a5ad90ad7d87,Medika,HOSPITAL,-6.5762311,106.637131,Buka 24 Jam,
8ac6e9b4-7e51-4bea-80eb-9c8c50cdf960,Pertamina,GAS_STATION,-6.7521109,106.7993428,Buka,
348400bd-6825-4d93-92ba-24fbfd2b267b,Pertamina,GAS_STATION,-6.7673758,106.7967866,Buka,
b26307dc-a4ab-471b-8db6-adbb0ae44973,Gas Station Terdekat,GAS_STATION,-6.796402,106.7778207,Buka,
87254309-af9d-4188-b35b-24dd1c718de6,SPBU Pertamina,GAS_STATION,-6.4051845,106.7456337,Buka,
7067bc35-ff50-4c85-8958-82c2bda72f57,SPBU Limo,GAS_STATION,-6.3893005,106.7687355,Buka,
acb671e1-f381-4081-8739-bf6ed2dbd54b,Puskesmas Parung,HOSPITAL,-6.4202641,106.7329122,Buka 24 Jam,
ca663a8e-d55e-47db-890b-c1dff83a8775,Gas Station Terdekat,GAS_STATION,-6.3997202,106.7719296,Buka,
8ca5919e-1e29-447f-8b85-8effd90fd2be,Gas Station Terdekat,GAS_STATION,-6.4008407,106.771367,Buka,
3ea5f76c-e06b-4828-9679-3c5f6054013b,Klinik Dokter Wida,HOSPITAL,-6.4194862,106.7546424,Buka 24 Jam,
6da880c5-97b0-4575-a661-9e9aac64d5a6,Praktek dokter umum pagi,HOSPITAL,-6.5501119,106.7987274,Buka 24 Jam,+62 8815849882
8ced6897-1a40-4ffa-87a5-88a7538c489a,Gas Station Terdekat,GAS_STATION,-6.3962742,106.7782926,Buka,
95dc8fc6-ed5a-481a-bde8-bdf250707b2e,Pertamina,GAS_STATION,-6.5684195,106.7382162,Buka,
b42cb76f-e491-43b9-8afe-ee9dd8f24aec,Pos Polisi Parung,POLICE_STATION,-6.4212128,106.7328122,Buka 24 Jam,
6116ab48-9df1-4562-8151-51f637df368a,Pos Polisi Bojong Sari,POLICE_STATION,-6.4045962,106.7416466,Buka 24 Jam,
e128cea8-8c56-4dda-8084-9dce06ab31fa,Polsek Sawangan,POLICE_STATION,-6.3797715,106.7461662,Buka 24 Jam,
60fbcd6b-7495-4f1f-b428-4fde7c155c4c,Gas Station Terdekat,GAS_STATION,-6.6403074,106.7853419,Buka,
709e2177-7c9c-414c-a58d-f57b3718303f,Pos Polisi,POLICE_STATION,-6.5928913,106.7970272,Buka 24 Jam,
44e82aaf-20bf-4eaf-8006-995a9cc10c2d,SPBU,GAS_STATION,-6.6269699,106.7797498,Buka,
1d425cb1-69d3-4d62-8933-7c1668391865,Polsek Tamansari,POLICE_STATION,-6.645679,106.7653888,Buka 24 Jam,
42d7058f-8221-40cb-8526-b3e66153ddc6,RSKIA Sawojajar,HOSPITAL,-6.58831,106.793621,Buka 24 Jam,
01ae84b5-f997-44f4-9f49-ed3cbddf18f8,RSU DR. H. Marzoeki Mahdi - Pintu Pejalan Kaki,HOSPITAL,-6.582876,106.7795998,Buka 24 Jam,
5faf415c-5f41-4919-8829-90a42905089d,Pos Polisi 4A,POLICE_STATION,-6.6078087,106.7948771,Buka 24 Jam,
2d823ddf-f872-4d0a-a969-9db42747790e,RS Rumah Sehat Terpadu,HOSPITAL,-6.472592,106.7285739,Buka 24 Jam,
35d8b49f-0bed-48af-ad58-a6729cbdc94d,RSIA Brawijaya Bojongsari,HOSPITAL,-6.3930775,106.743119,Buka 24 Jam,
9f62aeec-47ea-47ea-a979-da1a021d3591,PUSLITBANG POLRI,POLICE_STATION,-6.5064342,106.7750171,Buka 24 Jam,
67896575-30f0-4230-ab09-4e7010617b48,Polsek TajurHalang,POLICE_STATION,-6.4932351,106.7673833,Buka 24 Jam,
d4e95744-e5de-4f42-bf89-e060105bdb43,Pertamina,GAS_STATION,-6.498746,106.7948607,Buka,
f0036bb4-5dfe-46bd-bc23-1700055eff7b,RSUD Kota Depok,HOSPITAL,-6.4040302,106.7582441,Buka 24 Jam,
7071c832-1ec8-49ca-a4c4-c8712555099a,SPBU Cipayung Jaya,GAS_STATION,-6.4389832,106.7975573,Buka 24 Jam,
2fc2c0d7-809d-4d96-acf4-19697e1e93c4,Toko Obat Hudaybi,HOSPITAL,-6.4674334,106.7983748,Buka 24 Jam,
7e5db110-127e-40f8-97ab-d78b49a7e3ba,Hospital Terdekat,HOSPITAL,-6.6019362,106.7945401,Buka 24 Jam,
3d3522c4-c685-41a7-8fba-4d061469c505,Pertamina,GAS_STATION,-6.5775073,106.7325528,Buka,
aa8da8e9-52bc-4d25-befb-3992c7ad7a88,Polsek Kemang,POLICE_STATION,-6.4787686,106.7234857,Buka 24 Jam,
2fc6e09b-2ef7-4777-b94e-23661c68952e,Shell,GAS_STATION,-6.5622422,106.7938605,Buka,
4f4add10-4451-414e-98e8-f8a3791fcf0b,SPBU Pertamina 34.15409,GAS_STATION,-6.3603881,106.7483023,Buka,
ad198822-38b5-49b7-ab7f-0ef28cc59df5,Petrashop 3P.16102,GAS_STATION,-6.5341877,106.7862982,Buka,
80abf77f-51f4-4011-813f-82e775412ed4,Puskesmas Cijeruk,HOSPITAL,-6.6738532,106.7963723,Buka 24 Jam,
e7073df5-0d9d-46d2-8555-748227a64cc2,Mobil,GAS_STATION,-6.4496493,106.7205477,Buka 24 Jam,
4a5142b2-3f52-4239-8cce-8bd4fddc1f27,Rumah Sakit Bhayangkara,HOSPITAL,-6.596599,106.7912029,Buka 24 Jam,
68080a5b-cf45-4253-85fa-324ef77a55a8,Polresta Bogor Kota,POLICE_STATION,-6.5965986,106.7914162,Buka 24 Jam,
3e257d7d-365a-4ccd-94c2-5f24ceb3f2ca,RS Marzuki Mahdi,HOSPITAL,-6.5824661,106.7800975,Buka 24 Jam,
e80b5b75-d947-45da-bbe8-8d7cab9466fd,SPBU 34-16117,GAS_STATION,-6.5978104,106.7789765,Buka,
1a3664ec-6448-4887-9b60-b926dc081206,RSUD Kota Bogor,HOSPITAL,-6.5804016,106.7783005,Buka 24 Jam,+62 251 8312292
83101e7c-d4fe-4e44-bc4d-c4b2fc3cd2d4,Polisi Sektor Kota Bogor,POLICE_STATION,-6.5801727,106.7757857,Buka 24 Jam,
a8bc7bc3-fa07-468d-a26e-48a9d87db0f4,SPBU Pertamina,GAS_STATION,-6.5731096,106.7440383,Buka,
a2921a8b-7e7b-46b5-8355-d6d1e485e3d8,RSIA Pasutri Bogor,HOSPITAL,-6.5705915,106.7989951,Buka 24 Jam,
64bb01a0-ad86-4a9d-a964-dbcd4d3033b0,SPBU Semeru,GAS_STATION,-6.5852756,106.7814679,Buka,
27e58a77-c0d8-443f-96b2-012a74a0afa7,SPBU Pertamina,GAS_STATION,-6.5567267,106.7818071,Buka,
f5d9d06f-bdcf-438c-9043-74395d410c91,Pos Pengamanan,POLICE_STATION,-6.3821879,106.770836,Buka 24 Jam,
a44f0ee8-adf1-4f6d-8237-242a5f8b8892,RS Hermina Bogor,HOSPITAL,-6.5575517,106.7739004,Buka 24 Jam,
884f1796-a27e-4a82-afc6-ea576c92bc6b,SPBU Pertamina,GAS_STATION,-6.572599,106.753355,Buka,
c7d9656f-0c74-4be7-87ab-1ffbc170ea95,SPBU,GAS_STATION,-6.4152465,106.7337977,Buka,
efe22a47-e15d-459e-9d33-7e9e1fd47b61,Gas Station Terdekat,GAS_STATION,-6.4347442,106.7345557,Buka,
b2388de7-22c2-46d1-95ce-0a135c3add48,UPTD Puskesmas Merdeka,HOSPITAL,-6.5882788,106.7880792,Buka 24 Jam,
7a81dd28-7b99-4078-8c3a-6bd8f1731d2c,SPBU 34.166.14,GAS_STATION,-6.6015253,106.7784616,Buka,
da6be38d-0d33-4a5e-b658-d268b136fd91,Puskesmas Kelurahan Pengasinan,HOSPITAL,-6.42039,106.7576346,Buka 24 Jam,
232d108b-b8e6-4045-b4d7-593b45ae5018,Hospital Terdekat,HOSPITAL,-6.420565,106.7578745,Buka 24 Jam,
2e2cea33-4ccb-4ad5-832e-482b50bd369b,SPBU Pertamina,GAS_STATION,-6.3795131,106.7460182,Buka 24 Jam,
23e24ed1-ae39-4e3b-a6f0-f0e5391e291e,Polsek Parung,POLICE_STATION,-6.4197141,106.7329768,Buka 24 Jam,
2fe950e2-9079-4263-80ab-933d78a913c0,Puskesmas Kelurahan Duren Seribu,HOSPITAL,-6.4351684,106.7458908,Buka 24 Jam,
26f17fa1-a98d-466c-8fb9-9d0cf46c6da6,Rumah Sakit,HOSPITAL,-6.4323072,106.7339587,Buka 24 Jam,
26e5dcbd-dfd6-4ae1-9dce-b9ca41c1e084,SPBU 31.161.13,GAS_STATION,-6.5740261,106.7883352,Buka,
526db5ba-1812-4c10-8daf-72e18ecedd8e,Puskesmas Pembantu,HOSPITAL,-6.5618475,106.7805992,Buka 24 Jam,
27b8b525-be19-4265-ad27-650e35b4e507,Polsek Tanah Sareal,POLICE_STATION,-6.5425752,106.7841036,Buka 24 Jam,
6aa3212c-06b0-4938-8c57-8ba5bd2cee61,SPBU Pertamina,GAS_STATION,-6.5689851,106.7663977,Buka,
c823b275-0c9d-414c-8e7b-a65f5e446a37,Pertamina,GAS_STATION,-6.5779843,106.7590831,Buka,
a0690362-d51b-44aa-bc91-bef73ae1a433,SPBU Limo Raya,GAS_STATION,-6.3664265,106.775354,Buka,
b3686cc7-3bbe-4ea3-b33c-ee7ec36e2d90,Rumah Sakit Graha Medika,HOSPITAL,-6.5647497,106.7617167,Buka 24 Jam,
93fc9bce-1e06-43ba-8e0b-8d442a1d5c04,SPBU Pertamina,GAS_STATION,-6.560093,106.7862985,Buka,
eb9ea1e0-478c-44b0-b085-eebd2f7c0f0c,RS Permata Depok,HOSPITAL,-6.4016681,106.7702506,Buka 24 Jam,
ccc81c8c-71f7-4cdc-8441-71668c1dbfc6,Polsek Jasinga,POLICE_STATION,-6.4812719,106.4668794,Buka 24 Jam,
80226033-8496-4f63-b97c-863f4dba6fa4,Bunda Suryatni Rumah Sakit Ibu & Anak,HOSPITAL,-6.5525508,106.7752862,Buka 24 Jam,
a50d4531-a8bb-45a4-80b9-3c59a8b18caa,Rumah Sakit Islam Bogor,HOSPITAL,-6.5590343,106.7920742,Buka 24 Jam,+62 251 7558 159
75ea7d86-7f21-4f40-ad6b-8b63a7a78533,Rumah Sakit Bhayangkara,HOSPITAL,-6.5963436,106.7912143,Buka 24 Jam,
ae2f7b4b-d6d3-4883-902b-6c7b0d776210,SPBG PGN BOGOR,GAS_STATION,-6.590946,106.7879651,Buka,
c7e028ba-4394-4f87-8667-0d1cf47b14af,Gas Station Terdekat,GAS_STATION,-6.6403521,106.7860439,Buka,
add17959-771e-4d82-ba59-96cee570344e,Rumah Sakit Salak,HOSPITAL,-6.5913933,106.7975874,Buka 24 Jam,
581fe92e-7682-4a89-8be5-c3b51083e443,RS Karya Bhakti Pratiwi,HOSPITAL,-6.5695469,106.738378,Buka 24 Jam,
0a3793cb-9390-4169-b2a6-9675d6a42555,RS Medika Dramaga,HOSPITAL,-6.5718151,106.7394126,Buka 24 Jam,
492bdcc5-1d43-4524-955b-6cd5baf8d891,RS Marzoeki Mahdi,HOSPITAL,-6.5822299,106.7811534,Buka 24 Jam,
e2963ab0-ba6a-47f9-8d3d-3437cdf7d5bc,RS Citama,HOSPITAL,-6.4611802,106.7968343,Buka 24 Jam,
245cfcb9-5d69-4dd0-8837-4d8df7e401e6,Polsek Tajurhalang,POLICE_STATION,-6.4931426,106.7674045,Buka 24 Jam,
017b6efd-0431-4e1f-83e8-3fafd2be8ccb,Pertamina,GAS_STATION,-6.3758992,106.682325,Buka 24 Jam,
d6c16aee-05f5-4d3b-84c6-d6ec73fc2386,SPBU Pertamina 34-42314,GAS_STATION,-6.5438335,106.389513,Buka,
fda20a77-1071-459d-ac18-3187fdbecb20,RS Sentosa Bogor,HOSPITAL,-6.4952236,106.7511817,Buka 24 Jam,
46cfd07c-20e7-4a64-8f0e-2495d6ac42e7,Police Station Terdekat,POLICE_STATION,-6.5969922,106.7935394,Buka 24 Jam,
95c4b831-e926-4210-900c-c9ed815dde56,Shell,GAS_STATION,-6.3943677,106.7869947,Buka,
32971d9e-be8e-41b6-a20c-fae52df4b350,Shell Meruyung,GAS_STATION,-6.3854095,106.7684531,Buka,
bfe92721-fdbc-4e66-997f-df65ee92f33d,Polsek Ciampea,POLICE_STATION,-6.5449917,106.6928769,Buka 24 Jam,
7045577a-b25e-4693-a8a9-080890f4e3c2,SPBU VIVO Parung,GAS_STATION,-6.4482816,106.7322218,Buka,
5aaf4e80-4059-4ac7-83bb-b5859adf5861,RSAU Dr. M. Hassan Toto,HOSPITAL,-6.5441858,106.7623816,Buka 24 Jam,
da13528b-b91b-441c-98e0-d3150ee9e37d,shell,GAS_STATION,-6.572888,106.7420241,Buka,
d7d6aab7-9a30-4b78-b9b6-7d3eff2c1f41,SPBU Pertamina,GAS_STATION,-6.5694393,106.735326,Buka,
fb29d3dd-d632-41af-a7cd-9f45c904f2b9,POLRI Daerah Jawa Barat Sektor Dramaga,POLICE_STATION,-6.5628957,106.7246565,Buka 24 Jam,
f70f2eee-ad58-4e25-9ae7-c0ef322d32ab,Pertamina,GAS_STATION,-6.5692161,106.7569611,Buka,
a06eb7ab-e51d-45cd-b6ae-195f92f8c200,Pos 11 A Polresta Kota Bogor,POLICE_STATION,-6.5734224,106.7518857,Buka 24 Jam,
e3df0c80-0851-4afd-9b2b-14754b11c0dd,SPBU Pertamina,GAS_STATION,-6.6016658,106.7525049,Buka,
fb832e17-2e6b-45f1-bb40-d077cb9d3e06,SPBU Pertamina,GAS_STATION,-6.606803,106.7395788,Buka,
6915dc89-cf86-4167-8da5-7cfa2d481c11,Polsek Ciomas,POLICE_STATION,-6.6004559,106.7561548,Buka 24 Jam,
5736c223-46fe-4c91-a5af-276b6fa0af4f,SPBU Pertamina,GAS_STATION,-6.5380941,106.7250773,Buka,
c5556b70-0d0c-4c7d-a911-81276814e0b6,Pertamina,GAS_STATION,-6.5583635,106.7115838,Buka,
4f2fb605-dad6-456e-a560-f8c1c9075365,Shell,GAS_STATION,-6.5567397,106.7736762,Buka,
e16eaa30-8a81-4bf3-85dd-73fe8cf32b23,SPBU Pertamina,GAS_STATION,-6.5567769,106.7734855,Buka,
5dd02836-e10f-4198-9391-f5a11921ba61,SPBU BP AKR,GAS_STATION,-6.5565516,106.7793027,Buka,
c25bdbed-02cf-4815-945a-9702550728c6,Shell,GAS_STATION,-6.588485,106.7847557,Buka,
de79a502-7f5d-4de6-8bf5-ca66a53f9a4a,SPBU VIVO Bogor,GAS_STATION,-6.5808281,106.7973592,Buka,
813666cc-66b8-456d-a70e-3254ace7fe62,SPBU Pertamina,GAS_STATION,-6.5623561,106.6838115,Buka,
f2d7eea3-f8ea-4193-a37e-1b9836dd24b9,SPBU Pertamina,GAS_STATION,-6.564499,106.6776244,Buka,
ced04ac0-51e6-4f8e-81f9-c2e297b4b16b,RS Pena 98,HOSPITAL,-6.3798247,106.688614,Buka 24 Jam,
c169c9af-7149-42d9-ab5e-ec5731e37950,Polsek Rumpin,POLICE_STATION,-6.4437449,106.6401523,Buka 24 Jam,
a0b41ba8-1eef-41a8-9d69-488fcd57dea0,UPT Puskesmas Rumpin,HOSPITAL,-6.4445081,106.6390709,Buka 24 Jam,
4ea0c1b6-984c-472c-8dcb-dc7c743abec8,SPBU VIVO Limo,GAS_STATION,-6.3666269,106.7745183,Buka,
648b316c-0aaf-4573-ae12-2624a58d8c50,Hospital Terdekat,HOSPITAL,-6.5297432,106.7684129,Buka 24 Jam,
e3d1d1b4-0977-4d5f-8651-1b74710dd993,Hospital Terdekat,HOSPITAL,-6.3549778,106.6773483,Buka 24 Jam,
f2b6f7e4-d502-4c93-9b29-21b2e7c4ac57,Mitra Keluarga Pamulang,HOSPITAL,-6.357429,106.7477599,Buka 24 Jam,
e64063a3-4955-46f7-b198-2ce116dffaa7,Rumah Sakit Selaras,HOSPITAL,-6.3508097,106.6378084,Buka 24 Jam,
601bdd92-1c9d-4392-874c-37b3a88467b0,SPBU Pertamina 34.16301,GAS_STATION,-6.5074433,106.757868,Buka,
2fc5b0fa-c57c-4aac-aa51-2a83a5b2e836,Pertamina,GAS_STATION,-6.4995748,106.77246,Buka,
8c1850ac-7d05-4bdb-b245-b8116c5970bc,RS Ummi,HOSPITAL,-6.6088529,106.794579,Buka 24 Jam,
51accead-9757-44f1-905c-c7422bb757f9,Pertamina,GAS_STATION,-6.3604087,106.6189145,Buka,
b6589ea1-04cb-48b8-a6ef-cf5c9943bebf,SPBU,GAS_STATION,-6.371344,106.8965435,Buka,
f0030554-780c-43ed-ad54-9e49021fb289,Polsek Bogor Utara,POLICE_STATION,-6.5792052,106.8067405,Buka 24 Jam,
b007fa99-81ce-4f2a-a945-a66bad63a2d0,Pos Cepu,POLICE_STATION,-6.7123616,107.021624,Buka 24 Jam,
5ba853b9-cd1c-4731-a24f-0e15bf1bf069,SPBU 34-16107,GAS_STATION,-6.6188463,106.8132991,Buka,
598fdc8e-2194-44df-9e5b-c7e5b67d0907,SPBU Margonda,GAS_STATION,-6.3838536,106.8303387,Buka,
e1023092-6b3b-4f1e-a6a1-f0d97d9b344c,SPBU Beji,GAS_STATION,-6.3741972,106.8135231,Buka,
72f3cbbc-1dce-4693-9fcb-c380d299f8d9,Klinik Bhakti Asih,HOSPITAL,-6.3945462,106.8142741,Buka 24 Jam,
89ab07c2-5df5-44c9-9187-706df53852af,SPBU Sawangan,GAS_STATION,-6.3967594,106.8057737,Buka,
e5668e81-fcb4-433b-bc78-2979f5a7314f,Gas Station Terdekat,GAS_STATION,-6.5356301,106.8069993,Buka,
4712e64b-c225-467b-9812-43d4b6481d8e,Gas Station Terdekat,GAS_STATION,-6.6372957,106.8437806,Buka,
24fd4c07-9b44-4cd8-9d1b-89bfe1146364,SPBU Pertamina,GAS_STATION,-6.443295,107.0419955,Buka,
a4ab7cbe-f91e-4eab-b80a-0f3d5415b490,Citra Indah Security,POLICE_STATION,-6.4398301,107.0485345,Buka 24 Jam,
9e7eb478-3552-4a90-a821-58b2e6c1482a,Kantor Polisi Bojong Gede,POLICE_STATION,-6.4760909,106.806129,Buka 24 Jam,
169448ec-11e8-4874-a1bc-927cf18de597,Indomaret,MINIMARKET,-6.5472247,106.8496156,Buka 24 Jam,
df4d1af0-46ac-460c-8024-dbf9ab1f0888,POM,GAS_STATION,-6.5534016,106.807647,Buka,
b729e603-ad39-4633-b869-87694aec080a,Polsek Citeureup,POLICE_STATION,-6.4881287,106.8819421,Buka 24 Jam,
bb4a0575-1cdf-4742-99de-3a92ce4b1a1d,Police Station Terdekat,POLICE_STATION,-6.484992,106.8718119,Buka 24 Jam,
c06534b5-5eb3-43f0-b5e4-fc8dabc6ad40,Pos Pengamanan Gedung Nusantara FISIP UI,POLICE_STATION,-6.3638357,106.8288514,Buka 24 Jam,
0b8f4cb9-e97d-4743-b508-8a7ebfcd969e,SPBU 34.413.45,GAS_STATION,-6.3554139,107.2298455,Buka,
69454f68-9b3b-4f10-8329-dd934181a541,Gas Station Terdekat,GAS_STATION,-6.3737153,106.9177516,Buka,
1354aee1-92c5-49f2-b433-a36aba93ff84,Pos Satpam F Psi UI,POLICE_STATION,-6.3628949,106.8310595,Buka 24 Jam,
10a25359-bf5f-42f6-b228-6fc55e7a06b0,SPBU,GAS_STATION,-6.7846971,107.1751013,Buka,
be00a554-d0da-4f2d-9194-706be21b8184,SPBU Pertamina,GAS_STATION,-6.4654856,106.8238397,Buka,
9c15a7a0-5668-466b-8e58-12966a6cb57b,Gas Station Terdekat,GAS_STATION,-6.4722364,106.8220826,Buka,
5d549f5c-be6e-48b5-b89a-0d47dd0262a9,SPBU 34-41350,GAS_STATION,-6.3636677,107.2724176,Buka,+62 21 845 3011
f2d9c131-f0e7-4f40-ba15-6be8d84e95ef,SPBU,GAS_STATION,-6.3759985,107.0016759,Buka,
53bb236e-9689-496d-8f00-20ceaf6be691,SPBU,GAS_STATION,-6.4854654,106.8361109,Buka,
0b569f24-fc25-4dd7-9dec-564991c91bb6,SPBU Kincir,GAS_STATION,-6.475931,106.8036011,Buka,
0191be7f-6e10-49af-b5c4-e3f10eb55208,Pos Polisi Sub. Sektor Tegalwaru,POLICE_STATION,-6.5123961,107.2260048,Buka 24 Jam,
b5891ed9-1739-4bde-9b94-ef80e95b0735,Polsek Tegalwaru,POLICE_STATION,-6.5122868,107.227087,Buka 24 Jam,
34086213-75dc-4f24-86ae-da25ee60bc10,Klinik Dokter Nurdin,HOSPITAL,-6.5168501,107.2287075,Buka 24 Jam,
f361aeae-4dd2-49b4-ba74-88e03b4303f9,Pos Polisi Terminal Baranangsiang,POLICE_STATION,-6.6044972,106.8067828,Buka 24 Jam,
586fb8ac-5289-42f5-a0ce-d42c58c4823d,Pos Polisi Tugu Kujang,POLICE_STATION,-6.6013136,106.8053356,Buka 24 Jam,
81ad437f-97ac-42b9-9556-617a93a87bca,Pom Bensin Ciawi,GAS_STATION,-6.6597768,106.845504,Buka,
1c33c8fb-90aa-404f-a4f1-381f3e3d9752,Rumah Sakit Simpangan Depok,HOSPITAL,-6.4087799,106.8616926,Buka 24 Jam,
b83cfff9-5381-4565-bec5-445a552a3a31,RS Annisa,HOSPITAL,-6.4828569,106.8703423,Buka 24 Jam,
de200a19-4b28-4b36-ae48-17c6982fb8b4,Klinik pijat tunanetra budaya sehat,HOSPITAL,-6.4130005,106.9732307,Buka 24 Jam,+62 81287703255
fa059a14-6862-41ef-9280-998642aad860,Pertamina,GAS_STATION,-6.4764217,106.8462731,Buka,
d8815227-f906-4124-a2c0-633c4ad9a1fc,Gas Station Terdekat,GAS_STATION,-6.4310901,106.965542,Buka,
0a3b4672-154b-4dd6-9760-68a90bd0894e,SPBU 34.13706,GAS_STATION,-6.3660687,106.8885465,Buka,
81ed9cd0-9ed7-436b-88ec-d425c3a0c327,SPBU 34.16924,GAS_STATION,-6.353416,106.8602613,Buka,
ebc947a2-7ad5-4141-87d7-e4adaacd3c56,Siloam,HOSPITAL,-6.5955895,106.8049335,Buka 24 Jam,
b0ac6250-405c-43d8-b572-dec03be8d682,SPBU 134 126 10,GAS_STATION,-6.3535677,106.8107908,Buka,
9a994db8-7bb6-4e9e-a4dc-c83bd4be9684,Alfamart,MINIMARKET,-6.3949834,106.8182247,Buka 24 Jam,
565750f6-3608-4586-abfd-5a09d102021d,Gas Station Terdekat,GAS_STATION,-6.520832,106.8402111,Buka,
2244e573-3c97-47ba-92a7-ba53ffeb32d5,Gas Station Terdekat,GAS_STATION,-6.5284174,106.8495079,Buka,
b918b960-ae38-4683-84e0-46f5f20e9d80,Pertamina,GAS_STATION,-6.5139866,106.8633166,Buka,
f096e875-cc9f-4816-8d01-fce806efa51c,Polresta Bogor Kota Mako Kedunghalang,POLICE_STATION,-6.5567908,106.8148012,Buka 24 Jam,
76339a09-eb36-449d-ac63-fbd1e24e5331,Pertamina,GAS_STATION,-6.4044084,106.8187359,Buka,
b9c91ed6-805b-4eeb-bc4e-774def23cec4,Pos 8A,POLICE_STATION,-6.5690022,106.808871,Buka 24 Jam,
ecd05b79-4787-472f-8e63-946ea861453b,Pertamini,GAS_STATION,-6.3504344,106.8197888,Buka,
b22e1741-29d1-4898-8bae-998c4771db3a,Pertamini,GAS_STATION,-6.3516429,106.819408,Buka,
9b89b44f-886e-4a4f-9499-66c324537dfe,SPBU Pertamina 3416935,GAS_STATION,-6.4892755,106.8444226,Buka,
aaec3e69-f743-46d1-be1d-babd4d53076f,Pertamini,GAS_STATION,-6.3515724,106.9358319,Buka,
aef1558c-c607-4f10-b44e-41cfc4cfbc9b,Pos Pintu Keluar FISIP UI,POLICE_STATION,-6.3622463,106.8305796,Buka 24 Jam,
977677f6-56ad-4cc1-b252-a8138aca36a9,Pos Pintu Masuk FISIP UI,POLICE_STATION,-6.3615731,106.8293255,Buka 24 Jam,
1126f704-c164-4800-b1d0-4517e7e65d1b,Pos Pengamanan Parkir Motor FISIP UI,POLICE_STATION,-6.3626874,106.8285795,Buka 24 Jam,
480c4dac-d0fc-41da-9dac-7ba7768b6709,SPBU Bojongbaru,GAS_STATION,-6.4817244,106.8084705,Buka,
ad4a53d0-3281-4306-b541-45e28ac86858,Pertamina,GAS_STATION,-6.4827398,106.8002173,Buka,
1030c691-15cb-4255-b0fd-acd2ca0cef1a,RS Harapan Mulia,HOSPITAL,-6.4345659,107.069081,Buka 24 Jam,
463b2a54-8f05-447e-ba5b-771af35a5e91,Rumah Sakit Harapan Mulia,HOSPITAL,-6.4348412,107.0687318,Buka 24 Jam,+62 21 8995 2340
abe79d76-4281-47f5-bdc5-ab1f71794ff1,Pertamini,GAS_STATION,-6.7998515,107.2537055,Buka,
17963988-9109-45dc-a691-b22ec49f7fc0,Klinik Citra Medika,HOSPITAL,-6.4458328,107.0432788,Buka 24 Jam,
7a2e50ad-fdd8-474e-add5-229947f5d9f0,Klinik Nayaka Husada (BPJS Kesehatan Faskes 1),HOSPITAL,-6.4439473,107.0416139,Buka 24 Jam,
ff07d848-9e23-40dd-a8b8-a62b1fc20a54,SPBU 34.164.17,GAS_STATION,-6.3812702,106.8085519,Buka,
74270173-fffa-4653-9e4d-1239f989bcad,Posyandu Chedi,HOSPITAL,-6.4605185,106.816414,Buka 24 Jam,
278a21a7-f193-4db6-89f5-d191ff6e889c,Gas Station Terdekat,GAS_STATION,-6.3511647,107.1193008,Buka,
33d24219-6a8d-40b8-8ff8-15af8e6638e7,IGD RS PMI Bogor,HOSPITAL,-6.5980869,106.8062688,Buka 24 Jam,
ae64d3a2-4c2a-4434-8f0f-c9942a4d56d9,RSUD Jatisampurna,HOSPITAL,-6.3634629,106.9215198,Buka 24 Jam,
572cf827-7921-40e3-8185-9afd1d5cd526,Pertamina,GAS_STATION,-6.4189118,106.9347397,Buka,
0342ead4-9a76-4259-8e4c-0191312c33ba,Pertamina,GAS_STATION,-6.4631329,106.8818663,Buka,
8f6e2050-ca6f-4c91-bbbb-f5681919c8c9,Polsek Cijeruk,POLICE_STATION,-6.7414557,106.8110676,Buka 24 Jam,
1bd60498-6648-4285-9a0c-01a88589e96a,Polsek Caringin,POLICE_STATION,-6.7095532,106.8226554,Buka 24 Jam,
0752a6be-cb30-4e9a-b0f8-03f65d23676b,Polsek Ciawi,POLICE_STATION,-6.65764,106.8492406,Buka 24 Jam,
ab635cc8-8b3e-4453-90ba-fe417b5fab8c,SPBU Pertamina 35.168.01,GAS_STATION,-6.42372,106.9862824,Buka,
57c1d940-b257-4e02-910c-a558d51f7930,Pertamina,GAS_STATION,-6.5758967,106.8384918,Buka,
f147f077-80b3-4d36-a919-03ab730c2439,SPBU Pertamina 34-16416,GAS_STATION,-6.403842,106.8376493,Buka,
bb8acb6f-cdf4-48bc-9c60-e5a0fddc48a3,Puskesmas PONED Ciawi,HOSPITAL,-6.6630651,106.8553292,Buka 24 Jam,
c2b66195-a26c-4003-a8f6-3f6453991f1d,Pertamina SPBU 34-16415,GAS_STATION,-6.3925169,106.8426475,Buka,
e3bded00-12c3-41a4-8c23-b002b1fd0d3b,SPBE Pertamina,GAS_STATION,-6.6383403,106.844691,Buka,
8beb36c2-c832-45e4-acd6-8ca20ccf9a7b,Polsek Serang Baru,POLICE_STATION,-6.3848202,107.1037939,Buka 24 Jam,
e2aaf137-5f96-4fe7-a2fd-26edc7fe2c92,Indomaret,MINIMARKET,-6.6098974,106.8045861,Buka 24 Jam,
ae448ef4-bf8c-4e19-8594-e0e4c3ed2883,SPBU Pertamina,GAS_STATION,-6.6933162,106.9628678,Buka,
bca6df70-f127-4489-9aba-ae12fa9e8cf3,SPBU BP,GAS_STATION,-6.3759233,106.9044536,Buka,
2477b60a-30b7-49de-9b99-a5c029a523f1,SPBU Pertamina,GAS_STATION,-6.3748875,106.9145936,Buka 24 Jam,
2aabd954-e69c-4028-aa04-07165876f36b,RSUD RH. Satibi,HOSPITAL,-6.4329076,107.0485916,Buka 24 Jam,+62 21 89934667
fa900cd3-5730-44cb-87a9-7cee00d72ece,Aude Dental,HOSPITAL,-6.4090417,106.9763259,Buka 24 Jam,
64b5eef0-0704-44db-9cdf-04ebb3cfc58c,rumah sakit,HOSPITAL,-6.6479926,106.8600159,Buka 24 Jam,
0c34259c-6ba2-4e23-8b2a-cf5b967c2432,SPBU VIVO Batu Tulis,GAS_STATION,-6.6192518,106.8069317,Buka,
ba423008-168b-43ba-b5ea-8cb0d71be840,BP,GAS_STATION,-6.3899547,106.9493581,Buka,
3717064f-6759-452b-93f2-38ca2890c15c,Pertamina,GAS_STATION,-6.3923922,106.9559579,Buka,
577cdb71-7856-49a2-8f42-6a31285d7e8d,kinan teknik,HOSPITAL,-6.3961575,107.0808934,Buka 24 Jam,
e0feb367-feb9-4b56-8575-f11221ca1a4d,Pertamina,GAS_STATION,-6.3506461,107.234842,Buka,
8668d6ab-15d1-47fe-914c-c16b40cb96e8,DNIWIKA,HOSPITAL,-6.3822808,106.8140505,Buka 24 Jam,
fe6bcaf7-1027-47ea-8541-946d9f1d4d8c,AlfaMIDI Tole Iskandar,MINIMARKET,-6.4068626,106.8521888,Buka 24 Jam,
a1825185-b7ad-45e5-9be1-025f01e7d96a,Gas Station Terdekat,GAS_STATION,-6.7661662,107.2261674,Buka,
fa36d6fb-85c5-42b2-acce-cc644b18f564,Gas Station Terdekat,GAS_STATION,-6.7620206,107.0513619,Buka,
99c2f2db-bc21-4c4c-9edd-58a203891a3c,BP,GAS_STATION,-6.3862183,106.9493765,Buka,
3a09f42c-fe78-40cb-807c-bc07df2c1c56,SPBU Kelapa 2,GAS_STATION,-6.3551304,106.845806,Buka 24 Jam,
cffb9b2c-a65f-4e6f-a5ba-6a9614733a1d,Rumah Sakit Tugu Ibu,HOSPITAL,-6.3564889,106.8604938,Buka 24 Jam,
c51d8f66-809c-4733-a385-8bbdface7766,SPBU Kelapa 2 Pal,GAS_STATION,-6.3553255,106.8540078,Buka 24 Jam,
18c2a8c5-785a-42c5-922e-72155158afcf,Gas Station Terdekat,GAS_STATION,-6.404397,106.8186923,Buka,
b21bc87e-57c4-4623-a47c-b1e8c6fdb93b,SPBU 34-16416,GAS_STATION,-6.4040925,106.8375772,Buka,
eb1be1a5-8be1-43e9-8c9e-602ae9fc50a9,Kepolisian Resor Sektor Jagakarsa,POLICE_STATION,-6.3508957,106.8081105,Buka 24 Jam,
37f384db-4ff3-4087-bd0d-38c2b5463f12,SPBU Pertamina,GAS_STATION,-6.6128723,106.8128296,Buka,
4e4ef55b-4b3e-4973-bc7a-00d11a738af2,Pertamina,GAS_STATION,-6.5473505,106.8502249,Buka,
a6eb87fb-c35e-4867-9950-9680ff93ea92,Polsek Bogor Timur,POLICE_STATION,-6.6091909,106.8103614,Buka 24 Jam,
f6f09a81-db6d-488c-8cb3-5c094e5a47ec,Pertamina,GAS_STATION,-6.5688778,106.8558034,Buka,
dd9db82f-daf3-4c72-8972-c5e5b9304685,Gas Station Terdekat,GAS_STATION,-6.6579914,106.8576991,Buka,
12a5dcc6-7342-4d9c-b3ef-14f59c21ff57,Bogor Senior Hospital,HOSPITAL,-6.6404325,106.8331594,Buka 24 Jam,
32e8d03b-1179-479a-b126-1edf05a3cb61,SPBU Pertamina,GAS_STATION,-6.6400986,106.8350708,Buka,
96cb6a54-cde9-4dce-88af-3b780c906cbe,Gas Station Terdekat,GAS_STATION,-6.662557,106.8539022,Buka,
516428a4-d9ad-43eb-b90d-7dbca7202357,Puskesmas Ciawi,HOSPITAL,-6.6634243,106.8556503,Buka 24 Jam,
a7ce759b-f03f-47b7-b9d3-06e5749ff96b,POLISI CIAWI,POLICE_STATION,-6.6576324,106.8493188,Buka 24 Jam,
b0a49e89-d9a4-4144-b580-d06172b9e8a1,Balai Besar Rehabilitasi BNN,HOSPITAL,-6.745259,106.8139194,Buka 24 Jam,
ce895e44-e479-42ca-b6c0-1f2e2e1858dd,RS Juliana,HOSPITAL,-6.6282325,106.823634,Buka 24 Jam,
13bce8e4-5a1c-4598-b693-a404db153c43,SPBU 34.161.02,GAS_STATION,-6.5787297,106.8066021,Buka,
838dc63b-56dd-4c41-b38a-40f4ed302808,Polsek Kota Depok,POLICE_STATION,-6.39461,106.8238376,Buka 24 Jam,
a1dc7fbd-f0f5-42c6-9e0d-6882f21c3667,Polsek Kota Depok,POLICE_STATION,-6.3950587,106.8238449,Buka 24 Jam,
51b0fe80-1b46-4466-a52b-31a757d90ef6,Puskesmas Batu Tulis,HOSPITAL,-6.621828,106.808314,Buka 24 Jam,
5344f8bb-8a19-4732-a287-aebecd7608c3,Melia Hospital,HOSPITAL,-6.3766811,106.9018538,Buka 24 Jam,
bfb758c5-9851-446a-9ed0-78398af8853f,SPBU Batutulis 34.16114,GAS_STATION,-6.620444,106.8071867,Buka,
0691a9d7-f023-4bfc-9ce9-97a2aa0bd43a,RS Vania,HOSPITAL,-6.6128544,106.8079855,Buka 24 Jam,
b72d94c7-54a2-4f03-8328-9c7038ba6e30,Polisi Gadog,POLICE_STATION,-6.6556832,106.8587691,Buka 24 Jam,
181c0bfd-fb80-46b6-a922-b667dedd313f,Polsekta Beji,POLICE_STATION,-6.3752077,106.8136738,Buka 24 Jam,
f42ea5f4-d699-4188-a322-0b945398fa98,Puskesmas Pembantu Kedunghalang,HOSPITAL,-6.5478016,106.8036946,Buka 24 Jam,
b4f7ba1b-a0c6-4a8d-b1a0-99f4b47220bc,Puskesmas Sukmajaya,HOSPITAL,-6.389085,106.8382459,Buka 24 Jam,
16c27b89-a4fe-4cf2-9ce4-85c02bcde03e,spbu,GAS_STATION,-6.4749632,106.8297604,Buka,
08a2081d-55bf-4de5-9af7-a24c02ac79b9,Polres Bogor,POLICE_STATION,-6.4821883,106.8252154,Buka 24 Jam,
ae090eb6-2db0-4720-a9a0-fa4dff5fe2e4,SPBU PERTAMINA,GAS_STATION,-6.4722427,106.8221135,Buka,
1aa75594-784e-4228-a65e-a2b8e0e31ac0,SPBU34.16414,GAS_STATION,-6.445144,106.8292191,Buka,
6168346e-d819-4db0-ad88-8d946c8ffc41,Pos Pengamanan Segar Alam 1C Polres Cianjur,POLICE_STATION,-6.7054354,106.9945645,Buka 24 Jam,
cfc2953c-f141-4ecb-809b-ca6785d6b7d9,SPBU,GAS_STATION,-6.5677315,106.804517,Buka,
853e4c2a-9779-4994-a7e0-c9518c8426dc,RS Paru Dr. M. Goenawan Partowidigdo,HOSPITAL,-6.6882128,106.939556,Buka 24 Jam,+62 251 8253630
cc155b1c-3782-4999-86f1-96e725174efc,Pertamina,GAS_STATION,-6.3741391,106.8329015,Buka,
ef17804b-96ed-44ba-b719-4bf0da32339c,Pospol simpang Juanda Margonda,POLICE_STATION,-6.3771787,106.8319713,Buka 24 Jam,
2bfd29fd-1746-4d0c-b980-0c9842580deb,Gas Station Terdekat,GAS_STATION,-6.3811187,106.8307614,Buka,
35c4579b-53f6-4146-9ef4-9ab922ae723d,Rumah Sakit Sofa Marwa,HOSPITAL,-6.3555381,106.8199834,Buka 24 Jam,
57c4636e-c49e-44d1-a699-37a1648dc8f6,Puskesmas Abadijaya Depok 2 Timur,HOSPITAL,-6.3951407,106.8518141,Buka 24 Jam,
866ea018-b009-4825-a8c6-e749b399c9c4,Shell,GAS_STATION,-6.36499,106.833547,Buka,
b740fe49-2520-47fa-a117-c77398ec96ba,BMC Mayapada Hospital Bogor,HOSPITAL,-6.6080026,106.8110268,Buka 24 Jam,
858bbfee-0752-47a9-bd88-d5428760be70,RS Citra Medika,HOSPITAL,-6.4272743,106.823244,Buka 24 Jam,
68b7d57b-37ad-4aae-907c-472a463df84a,SPBU 34.161.21,GAS_STATION,-6.6118112,106.8017696,Buka,
abdfe389-a1fc-4df5-beec-cbadc49fcfa9,Polsek Cileungsi,POLICE_STATION,-6.3948515,106.9588471,Buka 24 Jam,
b42c624b-cb88-4c8f-8180-d1eeaa15b2ae,Gas Station Terdekat,GAS_STATION,-6.3863558,106.8678505,Buka,
3c3318eb-8dc6-4c5c-b8fb-99f0913457c0,SPBU 34-16920,GAS_STATION,-6.4426711,106.8539077,Buka,
18a7581b-a763-48ce-8a4c-6b7aad6672ff,Gas Station Terdekat,GAS_STATION,-6.6903728,106.8458839,Buka,
cebe08e1-fa7d-49a9-a052-8607ae54c88b,Pertamina,GAS_STATION,-6.4361138,106.8933383,Buka,
8054a7fa-fc7b-442c-b7ac-bd8886ec646b,Shell,GAS_STATION,-6.4349458,106.8935198,Buka,
f284cf17-fe4d-4473-a9bb-f157bbdc0a3b,Puskesmas Bantu Warung Jambu unit Ciluar,HOSPITAL,-6.5549337,106.8280721,Buka 24 Jam,
b3581bd0-9cf5-495f-980d-263115591c88,Plong Cimanggis,HOSPITAL,-6.3678162,106.8543712,Buka 24 Jam,+6281399897384
31fbab20-f05f-4114-9dbb-b76ecc78bd67,Pertamina,GAS_STATION,-6.3729894,106.8720014,Buka,
8702de3f-96c0-4e51-ab14-5f5dde17c263,Pos Polisi Tapos,POLICE_STATION,-6.4233338,106.8878877,Buka 24 Jam,
17b14134-f2a7-4f36-a109-98ad510721c2,Pertamina,GAS_STATION,-6.4231441,106.8565881,Buka,
d221480d-d8fa-4ca2-b2c4-4ae20ccd8392,Pokdar Kamtibmas Bhayangkara Sub Sektor Sukamaju,POLICE_STATION,-6.4191086,106.853273,Buka 24 Jam,
36069fe1-3376-4a5a-8ec5-42e7621a8019,Gas Station Terdekat,GAS_STATION,-6.3840585,106.829752,Buka,
c378b3bf-3e45-43f2-ad6a-7523287f1a60,Pertamina,GAS_STATION,-6.4064726,106.8907836,Buka,
1c15c823-944f-40e0-b8a5-86c04a6024d4,Pusat Latihan Multifungsi Polri,POLICE_STATION,-6.3982397,106.9224966,Buka 24 Jam,
0ae44487-3b49-47ee-94e9-e30a32bec458,Rumah Sakit Olahraga Nasional,HOSPITAL,-6.3685476,106.8927658,Buka 24 Jam,
c0144dd0-60e4-43ab-9d63-c599d635c965,Polsek Sukmajaya,POLICE_STATION,-6.40504,106.850347,Buka 24 Jam,
c8f6ae47-4e29-445c-811b-86ff01358b17,Klinik Citra Medika,HOSPITAL,-6.4457669,107.0432272,Buka 24 Jam,
0522ba5f-e426-4f5c-913e-76c3dbc7f374,RSIA Tumbuh Kembang,HOSPITAL,-6.3716756,106.8614281,Buka 24 Jam,
21cef249-fc2b-4da4-8919-074f4d978416,RS Permata Jonggol,HOSPITAL,-6.4383206,107.0535641,Buka 24 Jam,
f9ce36e4-dff4-4b0e-b8f4-af2ec141bed7,Pertamina,GAS_STATION,-6.3750663,106.8319754,Buka,
b2fe6249-e9e6-42c2-ab7c-8112a8879031,Pertamina SPBU 34-16415,GAS_STATION,-6.39229,106.8426506,Buka,
37a20b2d-8fdd-4d2c-bb99-5f4631a5e034,Shell,GAS_STATION,-6.5762649,106.8079994,Buka 24 Jam,
ee3f3b46-6134-497a-9d4b-b43486456e25,Polisi Sektor Kota Bogor Selatan,POLICE_STATION,-6.611929,106.8006956,Buka 24 Jam,
ddea81fe-2b52-4f47-a8b3-778134ae6673,RS Sentra Medika Cibinong,HOSPITAL,-6.4806865,106.8649907,Buka 24 Jam,
533c2a8f-29c9-4405-b090-37483c790877,Polsek Sukaraja,POLICE_STATION,-6.5517336,106.8214898,Buka 24 Jam,
45db146b-4022-41b7-b4fc-228da9a01551,Police Station Terdekat,POLICE_STATION,-6.7058243,106.9945075,Buka 24 Jam,
809af6f5-c166-433e-8d4c-ff50e9765340,RS Hermina Depok,HOSPITAL,-6.3990832,106.8255716,Buka 24 Jam,+62 21 77202525
33547c67-7ffd-45dc-9d47-fef9a88ba5c2,SPBU 34-16817,GAS_STATION,-6.40707,106.9741923,Buka,
d22de63b-5506-4b07-81ff-18d83b01d796,SPBU 34-16919,GAS_STATION,-6.4441372,106.8715493,Buka,
aca37189-2c3a-4774-84ee-49d3ea371814,Hospital Terdekat,HOSPITAL,-6.4609752,106.8383124,Buka 24 Jam,
fb88e00e-241c-4fed-be7e-a9b6192281c7,SPBU 34-16419,GAS_STATION,-6.3850116,106.8827345,Buka,
deead80a-7cb5-47b2-95e5-21e940a6a6e9,Pos Polisi Cibinong,POLICE_STATION,-6.4668245,106.8568125,Buka 24 Jam,
ee3323d6-e56f-4bd1-a46c-6d38f62fbcf0,Puskesmas Pembantu Sukawangi,HOSPITAL,-6.6496245,107.0511879,Buka 24 Jam,
764d5ae8-2307-4301-b450-ecec6059f20f,Pertamina,GAS_STATION,-6.5504125,106.8215053,Buka,
cd4430fa-0de5-4913-9852-2151605db223,Gas Station Terdekat,GAS_STATION,-6.5563315,106.8162665,Buka,
6eeaf659-554b-4498-91f1-29fead368fd3,SPBU 34-16109,GAS_STATION,-6.5661198,106.8102341,Buka,
6522f6f2-6311-425e-8c39-abef6a6921e4,Gas Station Terdekat,GAS_STATION,-6.4854198,106.8359644,Buka,
aabe1670-4288-4a48-9e8b-dca17d1a11e2,SPBU CIKARET,GAS_STATION,-6.467843,106.8404892,Buka 24 Jam,
caf91bc1-a425-451d-98eb-2d647e86c184,RS Azra,HOSPITAL,-6.5791702,106.8077715,Buka 24 Jam,+622518318456
7c7d70bd-6c75-46c9-ba3d-caf09ebb56d1,Rumah Sakit Permata Cibubur,HOSPITAL,-6.3760327,106.9117168,Buka 24 Jam,
8332f9dc-6073-422e-a4c8-d6418d5f55f2,Eka Hospital Cibubur,HOSPITAL,-6.3851351,106.9545355,Buka 24 Jam,
a3ddaa5a-538d-44f0-b2c4-018d0378fe0c,Rumah Sakit MH Thamrin Cileungsu,HOSPITAL,-6.3752749,106.970457,Buka 24 Jam,
412b2aed-abae-441f-b601-c97cf785c3b7,RS Ibu Dan Anak Citra Arafiq,HOSPITAL,-6.3728844,106.8438704,Buka 24 Jam,
3439c739-8214-46c3-9595-e4b8720ba851,RS Mulia,HOSPITAL,-6.5755554,106.8073148,Buka 24 Jam,
1a131dd7-9854-40a9-b728-cdee74e5ba34,Rumah Sakit Bina Husada,HOSPITAL,-6.4730368,106.8636261,Buka 24 Jam,
932332fa-1038-49ef-8473-8a41ab1644fe,RS PMI Bogor,HOSPITAL,-6.5984247,106.8060433,Buka 24 Jam,
7b61f167-b114-4c19-8bc1-1a79c0c77fa7,RS Mitra Keluarga Depok,HOSPITAL,-6.3944897,106.8243719,Buka 24 Jam,+62 21 77210700
566ac261-c13b-4d33-9c24-3650dda311cb,RS Trimitra,HOSPITAL,-6.4745298,106.8472654,Buka 24 Jam,
e49a7b61-c7f5-4fcb-b320-dc413725f25a,RS Dr. Hafiz,HOSPITAL,-6.7979529,107.1748135,Buka 24 Jam,
cad66bcb-ee62-41b3-a585-08978da35a15,RSUD DR. K.H. Idham Chalid,HOSPITAL,-6.660367,106.8531145,Buka 24 Jam,
d533772a-8edb-462f-9b23-dbe35ad578ba,RS Hasanah Graha Afiah,HOSPITAL,-6.4083338,106.8406994,Buka 24 Jam,
505a7b0f-ae59-4de8-a728-763ee85f8f8f,Rumah Sakit Bhakti Yudha,HOSPITAL,-6.3980534,106.8060598,Buka 24 Jam,
c0a7f973-812d-411c-a19e-0de5b871650b,Rumah Sakit Bhayangkara Brimob,HOSPITAL,-6.3548344,106.8494046,Buka 24 Jam,+62 21 87704691
6f30a70d-39a0-401d-a148-fb29954e9227,RSUD Bakti Pajajaran,HOSPITAL,-6.4736165,106.831803,Buka 24 Jam,
c7e94614-5e30-4ffc-9aa0-353b14da3aa3,RS FMC,HOSPITAL,-6.5340523,106.8274265,Buka 24 Jam,
a133a2b2-8480-4fcf-84ce-026607332123,RSIA Bunda Aliyah Depok,HOSPITAL,-6.4052395,106.8194962,Buka 24 Jam,
4358a1cf-84bc-4c0c-a0b0-5b983255030d,RS Ibu dan Anak Graha Permata Ibu,HOSPITAL,-6.3707489,106.814136,Buka 24 Jam,
86dfc3a6-3ed3-4585-bbfe-0eec8c48ee20,RS Harapan Sehati,HOSPITAL,-6.4811309,106.8052981,Buka 24 Jam,+62 21 8797 2380
30b026ff-2d4d-4a64-bffa-fa44205de48d,RS Sentra Medika Cisalak,HOSPITAL,-6.3909686,106.8652753,Buka 24 Jam,
dc11ba73-536f-428e-9249-236ad59d283a,RSU Bunda Margonda,HOSPITAL,-6.3653418,106.8347555,Buka 24 Jam,
3c67c297-fc4a-4f35-88f7-d4b754a7d65e,Polsek Cikarang Pusat,POLICE_STATION,-6.3669869,107.1741611,Buka 24 Jam,
45b19c2d-7a8b-4960-ae38-ab1489b98385,Satpol PP Kabupaten Bekasi,POLICE_STATION,-6.3630101,107.1714817,Buka 24 Jam,
1078efdb-46f1-4af3-9444-f710c42610cf,Pertamina,GAS_STATION,-6.6512258,106.8853907,Buka,
f34f5327-b3ea-42c3-bd50-bf8a40737f5c,Rumah Sakit Hermina Mekarsari,HOSPITAL,-6.4057466,106.9766958,Buka 24 Jam,
e716d8d3-3eea-4750-a1d6-fb2c47701d43,SPBU 34-17410,GAS_STATION,-6.3521805,106.9215772,Buka,
b0060be2-e99f-4125-b8e5-507f90a90728,Korps Brimob Polri,POLICE_STATION,-6.3500637,106.8479713,Buka 24 Jam,
eb144ff3-c045-42a7-988d-88b79ce45579,Harapan Depok Hospital,HOSPITAL,-6.4027731,106.8199916,Buka 24 Jam,
97ee1b44-c0fd-401d-a190-83ddc2f97bfd,Rumah Sakit Mary Cileungsi Hijau,HOSPITAL,-6.4000575,106.9693856,Buka 24 Jam,
3f025df4-5c0c-451f-9f0a-227193c24581,Shell,GAS_STATION,-6.3676223,106.9693488,Buka,
3f797873-e316-4ea9-850e-1c1b5a779cd2,Satlantas Polres Bogor Pos 6B,POLICE_STATION,-6.7020717,106.9809128,Buka 24 Jam,
32ef6205-39a7-4192-bde3-e091391d9790,Klinik Yemima Medika,HOSPITAL,-6.4072529,106.8123545,Buka 24 Jam,
b913f2d2-14dc-4fb3-b454-7df5c5f50f51,RSUD Depok Timur,HOSPITAL,-6.4463538,106.869523,Buka 24 Jam,
8afe4d6a-c5f1-40f9-b435-5ed9672120e0,RSIA Nuraida Bogor,HOSPITAL,-6.5811207,106.8148322,Buka 24 Jam,
ae5cb83c-3b93-48dc-933f-09243a1d94bf,SPBU Pertamina,GAS_STATION,-6.5783641,106.8181541,Buka,
8831f04a-1541-43b7-bc43-6b9290583d94,Pertamina,GAS_STATION,-6.6514835,106.8898268,Buka,
c0e13235-4343-4d8d-be7f-2d92c07c94a8,Polsek Megamedung,POLICE_STATION,-6.6496421,106.9031217,Buka 24 Jam,
f02fbe3a-3d47-4a67-af00-d030805ee3f4,Pertamina,GAS_STATION,-6.3997799,106.826034,Buka,
554c9523-1e0d-48c0-bfeb-bf57fe251977,Shell Siliwangi,GAS_STATION,-6.3991918,106.8222865,Buka,
5b580a63-3fbc-459a-a85f-cc3b48aa9d15,SPBG Pertamina Depok,GAS_STATION,-6.40341,106.8344619,Buka,
50b9a924-258b-4262-aa4a-2cd02c35e722,"SPBU 34-43226, Cimacan , Puncak",GAS_STATION,-6.7151792,107.0243081,Buka,
cc269a8b-3753-4581-819d-faa401985104,RSIA Assalam,HOSPITAL,-6.5002056,106.843365,Buka 24 Jam,
e803eec2-ad4b-44b7-be7f-f1dc1e446dba,MOBIL Indostation Mampir,GAS_STATION,-6.4249779,107.0060569,Buka,
db49a2d9-df41-40cc-bbf1-c72eebaa114a,BP,GAS_STATION,-6.5678367,106.8541362,Buka,
26545e8c-7a66-4678-8e2c-80a5fdb226ea,Pertamina 34-16914,GAS_STATION,-6.3756591,106.9453324,Buka,
824d1996-f47c-4cbd-856f-836b768f19b9,Pertamina 31.B.968.01,GAS_STATION,-6.376086,106.9448598,Buka,
a08ad81d-93e8-4985-86c6-40f2559cd33a,Batalyon B Brimob Jabar,POLICE_STATION,-6.733352,107.0431236,Buka 24 Jam,
7e36a533-eec9-417f-9526-d5512e7a8858,Rumah Sakit Universitas Indonesia,HOSPITAL,-6.3730742,106.8297733,Buka 24 Jam,+6221-50829292
5b541f23-82b7-4005-b8bb-eb44a51305ee,Shell,GAS_STATION,-6.3876522,106.9414589,Buka,
b83556a0-257c-4ccb-ab27-af5f951afa47,BP Sentul City,GAS_STATION,-6.567865,106.8540938,Buka,
b8e6c4b4-05e0-4eb7-9dbe-87ec3488a902,Badan Narkotika Nasional,POLICE_STATION,-6.7446674,106.8150928,Buka 24 Jam,
3b287e55-240f-42ff-86a1-69810ad85445,Pertamina,GAS_STATION,-6.7751922,107.1857051,Buka,
76358506-d7f2-4cd2-97e3-7d222d46fbf2,Polri Sektor Mande,POLICE_STATION,-6.7694653,107.1912526,Buka 24 Jam,
8db9a6aa-6409-47a0-b3db-e4c46b5faf83,Mobil,GAS_STATION,-6.7696092,107.1916116,Buka,
29520073-6221-4f68-bfbe-5d30540b4e5d,Pertamina,GAS_STATION,-6.7232448,107.2120189,Buka,
d1b5ca3f-6a6a-42bd-a4f7-60d95d0a12bb,Rumah Sakit Hermina Ciawi,HOSPITAL,-6.6529715,106.8648295,Buka 24 Jam,
947b27f2-adcb-4065-8bab-44f0915e0c76,Gas Station Terdekat,GAS_STATION,-6.6730532,106.9279297,Buka,
bb2e1a51-adef-49f9-be00-b7fdca2b922f,SPBU Pertamina,GAS_STATION,-6.6316794,106.8251452,Buka,
cef0df4a-ccb0-4090-bc41-df314bb20cd3,POS 8B Satlantas Polres Bogor,POLICE_STATION,-6.7005484,106.993641,Buka 24 Jam,
ff2783a3-73d9-40b5-9413-3933b9a9b3f7,Shell,GAS_STATION,-6.3586436,107.1817223,Buka,
eb73c088-007c-409d-93c6-de7e47ffd738,Pertamina 34-17535,GAS_STATION,-6.3537776,107.1823237,Buka,
746ca205-119a-4497-9434-9705307154a3,RS Mitra Keluarga,HOSPITAL,-6.3524696,107.1825783,Buka 24 Jam,
a77724a0-6822-4cb1-88e4-87f0a46911ad,Pertamina,GAS_STATION,-6.7742313,107.0640293,Buka,
33c33a19-d587-437b-8c75-94f4509aa7e2,Pertamina,GAS_STATION,-6.7102632,107.0597348,Buka,
7152d7ca-b375-4ca9-ae52-9ecc74fa8ade,SPBU VIVO Radar Auri,GAS_STATION,-6.3694281,106.8871018,Buka,
189b490f-18a1-49c7-aef8-c2fbd052217f,SPBU VIVO Pajaran,GAS_STATION,-6.5895862,106.805094,Buka,
c8c991ff-7721-42e9-954d-7d568ee2620a,SPBU Pertamina COCO 31.137.01,GAS_STATION,-6.3530347,106.8624673,Buka 24 Jam,
0bfae548-c0be-4e2c-8952-6718d778ae8b,Shell,GAS_STATION,-6.5653451,106.8458242,Buka,
61dbf6a4-73d1-4118-87fa-bc94083d111f,Polsek Babakan Madang,POLICE_STATION,-6.5715547,106.8651945,Buka 24 Jam,
adbc0bfc-c4f0-4bcc-8fcf-4a0a8ddb3df1,RS EMC Sentul,HOSPITAL,-6.5669083,106.8537582,Buka 24 Jam,
95e19b00-1c99-4332-9131-9051b34f9aad,Police Station Terdekat,POLICE_STATION,-6.3855804,107.0246772,Buka 24 Jam,
ff73b338-9460-4d7e-9be5-a1c76e213bf5,Pertamina,GAS_STATION,-6.3867603,107.0162954,Buka,
aaa67255-4c51-4f35-b4db-0e5640bd71a1,Pertamina,GAS_STATION,-6.4114081,107.0099463,Buka,
cd7e48a5-e3c2-4c1b-bf51-e7574a3be554,Pertamina,GAS_STATION,-6.4163911,107.0251933,Buka,
8eb93264-ee69-4ad6-bea2-6dc4bc6e0e18,School,HOSPITAL,-6.4220247,106.8298104,Buka 24 Jam,
a76f752f-f213-4b56-8dc8-27da0da41f99,Pertamina,GAS_STATION,-6.3804192,106.9228499,Buka,
b3ce27f2-9be3-4b99-9e53-51f3cc0ea30e,RS Mitra Keluarga Cibubur,HOSPITAL,-6.3756848,106.918475,Buka 24 Jam,
2d885594-5e11-4166-966b-5c045fe1e006,Hospital Terdekat,HOSPITAL,-6.5646335,106.8018438,Buka 24 Jam,
307ace2f-84b5-4f7c-942d-ebd9d8bde0b3,SPBU,GAS_STATION,-6.1324155,106.9336357,Buka,
9781d4b1-d3dc-4104-ab44-55dbc36f91b5,SPBU,GAS_STATION,-6.129402,106.906899,Buka 24 Jam,
79d1e3f2-6588-4a24-9d17-355aa96a28b2,Polsek Cibitung,POLICE_STATION,-6.2733007,107.103709,Buka 24 Jam,
64fe12c3-1430-4a90-b30a-0a89b0abcfa8,Pospol Tugu,POLICE_STATION,-6.1197784,106.9167454,Buka 24 Jam,
64853d28-6cdf-4299-86f7-864e849263c2,Polsek Babelan,POLICE_STATION,-6.1688046,107.0449546,Buka 24 Jam,
9b96eaed-7486-42f5-911b-b67d98e48c97,Pos Polisi EJIP,POLICE_STATION,-6.3251085,107.1265883,Buka 24 Jam,
fdfd535b-5612-43cb-a157-59cdd9dec791,Gas Station Terdekat,GAS_STATION,-6.2976447,107.1474729,Buka,
be17c7ae-d231-4d99-b9f2-550e786333a9,RS Harapan,HOSPITAL,-6.299652,107.1594616,Buka 24 Jam,
dc5e21a8-a3d4-423c-ab34-c74d5d3eed29,Gas Station Terdekat,GAS_STATION,-6.2953066,107.1462311,Buka,
4114cdc4-a054-45ab-ba2a-fa6ebd55188e,Gas Station Terdekat,GAS_STATION,-6.3100682,107.1649341,Buka,
aac0fd9c-c507-4072-9d43-8df85695102b,SPBU 34-17504,GAS_STATION,-6.293699,107.148342,Buka,
6530f436-ed77-4494-ab94-73c6ba10d685,RS Medirosa,HOSPITAL,-6.2993856,107.1452333,Buka 24 Jam,
50e5f8fa-b11e-4296-bfae-4fc6236cdd4c,Gas Station Terdekat,GAS_STATION,-6.2812218,107.1647785,Buka,
e87f52d8-8867-4644-9527-0739545bb887,RS Islam,HOSPITAL,-6.2821122,107.2836929,Buka 24 Jam,
b5127e5a-486f-4e10-b185-e92cde4c87b5,RS Jatisampurna,HOSPITAL,-6.3469747,106.9257805,Buka 24 Jam,
22846bc0-d352-4402-abfd-ba407fd6eb4b,SPBU Bojongkulur,GAS_STATION,-6.3194969,106.9661961,Buka,
63755334-54ed-462c-876e-3ada5051fe21,Polsek Jatiasih,POLICE_STATION,-6.2924505,106.9642644,Buka 24 Jam,
2e17ccb7-762e-4255-a0d2-91e5e99795fb,Gas Station Terdekat,GAS_STATION,-6.302018,106.9567005,Buka,
06229fe8-6f9a-48f3-bd25-edbad2f6ff14,Klinik Devina Medika,HOSPITAL,-6.3460411,106.9482189,Buka 24 Jam,
3930ce21-4ada-49e0-8820-cd5100c7060a,Klinik Avia Medika,HOSPITAL,-6.3425907,106.9498244,Buka 24 Jam,
da6eab76-1373-4180-aa84-e943d30b69ca,Circle K,MINIMARKET,-6.2771981,106.8403006,Buka 24 Jam,
1b1c15b7-1d43-4925-b81f-1ace584577d4,Pertamina,GAS_STATION,-6.2693046,107.0374774,Buka 24 Jam,
a0ad18fa-2975-4af7-983a-eecbc9144de6,Pos Polisi,POLICE_STATION,-6.220703,106.8110373,Buka 24 Jam,
bb668ec5-6fe4-4932-90df-a8f490f210e3,Pertamina,GAS_STATION,-6.2679799,107.0167532,Buka,+62 21 82401075
4524e515-3f1b-4990-b68d-3c55aeac5080,SPBU 34-17516,GAS_STATION,-6.2650489,107.0302086,Buka,
13bd6e1b-66ae-48bf-8778-d8cd5a0711f2,SPBU Pertamina,GAS_STATION,-6.311208,106.9244007,Buka,
66eaae87-a8d1-431b-8669-b57e703c0bd6,SPBU 34-17511,GAS_STATION,-6.2793186,107.0867893,Buka,
8f499a65-89b0-4911-b21a-591da66526b4,Pertamina,GAS_STATION,-6.3231988,107.1272495,Buka,+62 21 897 4546
09be8183-a661-4a96-8007-b9113ffdae7f,SPBU,GAS_STATION,-6.3483283,107.2055078,Buka,
42157d29-3322-493d-95de-9c4424dc4392,SPBU 34-17501,GAS_STATION,-6.3081632,107.1443556,Buka,
747755ed-ca75-417f-ad1a-28da8fcd3647,SPBU,GAS_STATION,-6.2833104,107.2791657,Buka,
a3eda605-1c0c-48b5-8187-cb362a0d2dfa,Police Station Terdekat,POLICE_STATION,-6.2643556,106.9845039,Buka 24 Jam,
83edeead-02bc-4f19-864a-c050d70a97d4,Police substation,POLICE_STATION,-6.1955951,106.8230755,Buka 24 Jam,
b5c6ce05-6af7-4837-b2cf-da5ed305ffe4,SPBU,GAS_STATION,-6.2772734,107.0891216,Buka,
5a6c724d-c674-4a23-9899-dce5bc2c77eb,Pos Polisi Vila Nusa Indah 2 Bojongkulur,POLICE_STATION,-6.3196408,106.9687507,Buka 24 Jam,
c08ee792-e52c-403a-a63b-7ccb6ba6d196,Pertamina 34-17542,GAS_STATION,-6.2133891,107.0337856,Buka,
dc908bd4-bf7c-448d-a977-26f2a1f4d0b3,Alfamart,MINIMARKET,-6.1853821,106.8249018,Buka 24 Jam,
4842f36e-aea2-4bdf-b474-7a3af2ca1edc,RS Bella Bekasi,HOSPITAL,-6.2471625,107.0105409,Buka 24 Jam,
cb9cbfb4-6955-4cfc-9b6c-fd1604723a4f,Apotek Century,HOSPITAL,-6.3110271,107.0220939,Buka 24 Jam,
89ac8d42-5945-451d-a5bd-364fcae40ada,Indomaret,MINIMARKET,-6.2337502,106.8395378,Buka 24 Jam,
6d0b76eb-5c47-49e4-a283-3f30d359e33b,Sanders,HOSPITAL,-6.2572548,107.1451097,Buka 24 Jam,
d6f3e876-0ec0-439a-acc8-ce24afba35f1,Samsat bekasi selatan,POLICE_STATION,-6.2530628,107.0109311,Buka 24 Jam,
52e0cb03-8bf6-4831-8e63-ae555a117ea9,Police Station Terdekat,POLICE_STATION,-6.2549872,106.8080017,Buka 24 Jam,
8293d44f-d2be-484e-b40f-f23c4d4991c6,31.127.01,GAS_STATION,-6.2735191,106.8188158,Buka,
b95cf693-4311-459e-9c50-c1b29d8435c8,SPBU 34.13413,GAS_STATION,-6.2218999,106.8862411,Buka,
20918ac3-e145-4737-ba73-0b15394d5682,Pertamina,GAS_STATION,-6.2352932,106.8778219,Buka,
68c916af-1f75-4353-b1c8-01da07c3f16d,Pertamina,GAS_STATION,-6.1854894,106.9480772,Buka,
bcb23f36-bffc-481d-b3fc-8ee8e6b236a0,SPBU 10048251,GAS_STATION,-6.1843023,106.9445459,Buka,+62 21 4682 5508
7218aa59-889e-4ea7-a0ff-1da3bc0713df,Pertamina,GAS_STATION,-6.1970882,106.8139672,Buka,
db1ab82f-1b4a-4c6b-80dd-b2daac939220,SPBU Pertamina 34-10504,GAS_STATION,-6.1848315,106.8750376,Buka,
7209f96c-a09c-4b07-a4e1-5984d1a0d7d9,SPBU 34.112.01,GAS_STATION,-6.1555621,106.8071193,Buka,
5c11b8c5-7189-4949-b867-75b949aa495c,SPBU 34-13908,GAS_STATION,-6.1895404,106.9673268,Buka,
9c3ce6f1-7f11-4dd5-b90f-806a0db175de,Pos Polisi Pecenongan,POLICE_STATION,-6.1628495,106.8267465,Buka 24 Jam,
fbab7df3-2b70-40f9-9d0a-137c1f69f6f5,31.102.02,GAS_STATION,-6.1785704,106.8181908,Buka,
e4ba274e-a315-4235-856a-9ffa84d05c78,34-10205,GAS_STATION,-6.1803988,106.8136199,Buka,
f6db3744-72ec-4a07-bbc3-e08a6275abac,Pertamina,GAS_STATION,-6.1930955,106.8997907,Buka,
f321923f-b408-4872-a56a-8666d965868e,Pertamina,GAS_STATION,-6.1966305,106.8748459,Buka,
fa0e3e37-2e5c-4b34-8039-8468d89c3acc,Pertamina,GAS_STATION,-6.2338285,106.8761993,Buka,
6d021b94-4b05-4f11-b85b-3f7981d1ade0,SPBU 34-10604,GAS_STATION,-6.1677556,106.8426633,Buka,
d9346119-1c0e-491e-a3db-ef40fdefd0b2,SPBU 34-13907,GAS_STATION,-6.2078268,106.9539593,Buka,
b193666f-3370-4902-ad84-06c06f214755,SPBU 34-13905,GAS_STATION,-6.1997376,106.9559518,Buka,
27ec220c-6c44-4979-b79b-16c9ec065a75,SPBU 34-13709,GAS_STATION,-6.3407968,106.8748711,Buka,
01b86f29-d062-48fe-bd6c-17187f8fe6a7,SPBU 3412601,GAS_STATION,-6.3428676,106.8179439,Buka,
f520a585-2935-422d-a46e-f5b32a0e1083,Polsek Metro Tanah Abang,POLICE_STATION,-6.2137239,106.8131442,Buka 24 Jam,
026841b6-7206-4de6-8563-5f83f9c1d18f,SPBT Kemhan,GAS_STATION,-6.2427738,106.8779252,Buka,
048d8259-dccd-4eb3-83eb-2137b257aa80,Pertamina,GAS_STATION,-6.3005094,106.8405986,Buka,
eef08fc4-4622-4b14-aaca-c8cb01b32d36,SPBU 34-13306,GAS_STATION,-6.2197321,106.8677111,Buka,
f67c927a-7bd4-44c2-aaa3-e6b7901637dd,SPBU 34-13421,GAS_STATION,-6.2183322,106.9425823,Buka,
b37b867a-c8b8-41fc-80ae-277317bf85d6,SPBU 3412606,GAS_STATION,-6.333822,106.8065882,Buka,
12cbd106-a3c3-41a4-8c27-3e65b19ddcd9,Pertamina,GAS_STATION,-6.2740575,106.8465351,Buka,
4fb9c6fa-f52a-4fd2-ae80-4f90eda07118,Pertamina,GAS_STATION,-6.3288827,106.8861647,Buka,
132bba00-676f-4505-9942-92423fee3ea3,Pertamina 34-13808,GAS_STATION,-6.3319619,106.8888744,Buka,
92683492-53ca-4a6f-b2e0-86aa3099179f,SPBU 34 - 12608,GAS_STATION,-6.3289186,106.8253952,Buka,
ff3ffbce-a28c-43b8-bef9-d837ba2dc57d,SPBU 34 - 12609,GAS_STATION,-6.3134417,106.812471,Buka,
ca56374b-6386-450b-ac8a-657f0b7131c9,SPBU 34 - 12508,GAS_STATION,-6.3269965,106.8226555,Buka,
f6928717-9774-4366-82c7-d66385e681a7,SPBU,GAS_STATION,-6.3400085,106.8909001,Buka,
98ebe10a-4fd2-4f26-9dda-f1375298f219,Pertamina,GAS_STATION,-6.296287,106.8152293,Buka,
0578a2e9-b25a-4917-a775-af42c029e9cb,Pertamina,GAS_STATION,-6.2473591,106.9113892,Buka,
57bb6a0c-1bef-40a8-8124-e06297188c9a,Pertamina,GAS_STATION,-6.2257652,106.9231197,Buka,
84259c1b-b9a2-4126-9f38-e301d339ad8f,Pertamina,GAS_STATION,-6.2255124,106.9235654,Buka,
9e018144-6d2d-49c6-853e-7bc6f9dc3c07,SPBU 34 126 11,GAS_STATION,-6.3498905,106.8021083,Buka,
f7055895-f4c7-4eb2-b196-9970fd0aa94d,SPBU 34-13704,GAS_STATION,-6.3209883,106.8654373,Buka,
dfba4882-9a9d-477f-9f18-eeea91d915b1,SPBU 34 - 12605,GAS_STATION,-6.3122487,106.8367946,Buka,
43368d95-c5f7-4d4a-8549-37612f0232a8,Pertamina,GAS_STATION,-6.3182969,106.8365812,Buka,
b4d27237-444e-4903-b8ea-84a5fd48e9af,SPBU 34 - 12603,GAS_STATION,-6.3208332,106.8371236,Buka,
0cf06f6b-0083-4acb-8250-283c63bf4b72,SPBU 34-14304,GAS_STATION,-6.1109176,106.8835214,Buka,
cd070053-63a1-4f7c-9815-00c6bf0706f3,SPBU 34-14308,GAS_STATION,-6.1101948,106.8849778,Buka,
97def127-0328-47e8-8ff5-8519b4d09645,SPBG PT Jakarta Utilitas Propertindo,GAS_STATION,-6.3114292,106.8840168,Buka,
f55956a1-8436-4cec-889c-a70d45db2035,Pom Bensin Pertamina Setu,GAS_STATION,-6.3193044,107.0275207,Buka,
9742d15a-e98a-4ced-9787-ae61c8375df2,Pertamina 34-13803,GAS_STATION,-6.3165288,106.8918751,Buka,
9855e03f-00cb-4f28-81f4-dd581ce46964,Rumah Sakit Asshofwan,HOSPITAL,-6.2681267,107.2495182,Buka 24 Jam,
60f2771a-b32d-4a24-9049-a294f9a433db,SPBU 34-13708,GAS_STATION,-6.3451135,106.8830681,Buka,
f7b0a6a1-a29a-4181-88d8-dd35fac61b83,34.11402,GAS_STATION,-6.1742623,106.8032455,Buka,
6b35015c-943a-4ab6-ba76-97cefdb02aee,Rumah Sakit Pinna Tambun,HOSPITAL,-6.2237664,107.0322284,Buka 24 Jam,
d2238319-a1eb-4f78-81d0-13880035cc19,Mako Kolinlamil 32-14301,GAS_STATION,-6.1655463,106.8898544,Buka,
ba7db108-5328-4dd1-89fd-53418818d8bb,SPBT 32.1.0401,GAS_STATION,-6.1657956,106.8897964,Buka,
b6602976-d8cf-4611-b503-23a9b1bd0fcd,Pertamina 34 - 14201,GAS_STATION,-6.1584075,106.9014895,Buka,
d026f4f8-ad9c-4bb6-aa10-19a905dd0fdb,SPBU 34 - 14412,GAS_STATION,-6.1072087,106.8006862,Buka,
f50269d1-3043-4419-96c0-1554ecf83b93,SPBU 3414401,GAS_STATION,-6.1257509,106.8017471,Buka,
68a2f51e-782b-4b5c-9d3c-e8aa6d33d52a,Pertamina 34-14205,GAS_STATION,-6.1667583,106.9152278,Buka,
f9c1b3dd-3c2d-4f4c-800e-fbdb89e7b6d6,SPBU 34-14105,GAS_STATION,-6.1324478,106.9339608,Buka,
c33b3d53-6e83-4f4f-81cd-d8b8815c2f80,SPBU 34.14107,GAS_STATION,-6.1383793,106.9356633,Buka,
4a7b0e51-94a4-41f5-aa93-1c8e54d50a3b,SPBU Pertamina 34.14106,GAS_STATION,-6.1073145,106.9625902,Buka,
36481c4b-c1f0-4d6c-98a9-91ffa0590d9e,Pertamina 34 - 14109,GAS_STATION,-6.1029236,106.9372407,Buka,
1daf7355-f2da-4376-8a72-4ee1ad170908,SBPU 31-143-01,GAS_STATION,-6.145331,106.8895483,Buka,
465ab52d-c28b-47bf-a199-383fc2ac28db,Pertamina,GAS_STATION,-6.1529554,106.8864182,Buka,
b58a9fc8-de86-40d8-b445-28d916eafa94,SPBU 34-143-03,GAS_STATION,-6.1308308,106.8297578,Buka,
7f27c013-5373-4b52-b147-e318ad319218,SPBU 34-14405,GAS_STATION,-6.1337917,106.8171716,Buka,
3befbbd3-3264-442f-94ee-db901f2456b3,SPBU 34-13905,GAS_STATION,-6.1998189,106.955874,Buka,
dbbc2ec5-2f00-4552-a2a7-010ae9f29d3a,SPBU 34-12705,GAS_STATION,-6.2438113,106.8527997,Buka,+62 21 7918 4314
9e0aa5f9-9559-4df1-95e1-ff92317945c2,SPBU 34-14108,GAS_STATION,-6.1110269,106.9482857,Buka,
a198ea9e-d485-48d6-9443-5851890d481e,Circle K,MINIMARKET,-6.1869187,106.8302289,Buka 24 Jam,
4c3fb86a-8b9d-4fef-9df2-a1e76938423c,Oil gas,GAS_STATION,-6.2460658,106.9058632,Buka,
316324a9-1f29-4391-b514-e198d4bd01dc,Indomaret,MINIMARKET,-6.1927299,106.8057709,Buka 24 Jam,
c8b07053-4fd1-4197-ae9e-dea5cd0b5692,Circle K,MINIMARKET,-6.187184,106.8207475,Buka 24 Jam,
dcbaace0-32ca-43c0-960d-a8f2bbb0e642,Pos Polisi,POLICE_STATION,-6.1670911,106.8027641,Buka 24 Jam,
8bfda538-933d-491e-8a18-7c430aba5c04,Police Station Terdekat,POLICE_STATION,-6.1288672,106.8340021,Buka 24 Jam,
20c90f8e-5fb2-48bf-86ab-4ce5903d27b9,Hospital Terdekat,HOSPITAL,-6.1763071,106.8448212,Buka 24 Jam,
6568fff4-d5d0-45f9-9d00-5c1dbe8007a7,Hospital Terdekat,HOSPITAL,-6.1348339,106.8243935,Buka 24 Jam,
413f082b-ac7e-4090-9495-1ed02371a9bc,Police Station Terdekat,POLICE_STATION,-6.1573629,106.8389847,Buka 24 Jam,
69924438-5b69-4fc0-98a9-ed147e42f4b9,Dentista,HOSPITAL,-6.2854953,106.8335564,Buka 24 Jam,
9dd2f9d8-d81a-4ed2-ae3a-e0a290c7c864,Puskesmas Kecamatan Jagakarsa,HOSPITAL,-6.3365448,106.8173674,Buka 24 Jam,
7deee838-e5df-4877-80a5-c53f2b538552,Rumah Sakit Ketergantungan Obat,HOSPITAL,-6.3469579,106.8724481,Buka 24 Jam,
279b6924-25ec-4dbd-a332-6cce6fff452e,Pertamina,GAS_STATION,-6.1600505,106.974485,Buka,
6f579959-de9e-433f-942d-f7ce024fab9f,Police Station Terdekat,POLICE_STATION,-6.2008818,106.917842,Buka 24 Jam,
dac3b7a5-7e0b-4e42-8ff8-44544efb0149,Alfamart,MINIMARKET,-6.1769669,106.8120511,Buka 24 Jam,
64a134d5-e2f5-4a32-912b-257b3167e57b,Police Station Terdekat,POLICE_STATION,-6.1660963,106.8075737,Buka 24 Jam,
12fa7fe0-80c7-4d59-bec7-03c09b717038,Indomaret,MINIMARKET,-6.1443063,106.8151511,Buka 24 Jam,
67021047-138d-4574-9f89-e3d0e65d9969,Alfamart,MINIMARKET,-6.1756858,106.8096194,Buka 24 Jam,
6c048f59-5d91-458a-a957-e9d3e46dc140,Indomaret,MINIMARKET,-6.1675807,106.8084427,Buka 24 Jam,
9ca1c58a-a72b-4b39-b220-66c193396529,Polsubsektor Petojo,POLICE_STATION,-6.1650789,106.813095,Buka 24 Jam,
e1a5df1d-efee-4026-8070-ad283d1dd9e5,Alfamart,MINIMARKET,-6.1569236,106.8181265,Buka 24 Jam,
9f4063d2-aae6-4974-8be1-096bcbea9796,Polsek Tamansari,POLICE_STATION,-6.1596305,106.8187657,Buka 24 Jam,
e016a1c4-3e2b-455b-a639-c2f04b01ad5a,Indomaret,MINIMARKET,-6.1512027,106.8168508,Buka 24 Jam,
26b1785a-25b2-4a9d-be11-cdf50c72908e,Alfamart,MINIMARKET,-6.1559383,106.8179034,Buka 24 Jam,
4328ebc1-34e1-499d-8805-ee0bbf024995,Alfamart,MINIMARKET,-6.1508287,106.8167718,Buka 24 Jam,
bbcdb3cd-8eb6-471d-9f16-1b53f44cf57d,Polsubsektor Glodok,POLICE_STATION,-6.1424498,106.8150202,Buka 24 Jam,
6af33895-ebd4-469c-b7e5-856864a965b2,Indomaret,MINIMARKET,-6.1459639,106.8155684,Buka 24 Jam,
b19b105d-6ea1-4d03-a7ee-9d34e6125d0e,Indomaret,MINIMARKET,-6.1148545,106.8834465,Buka 24 Jam,
a9c08f04-f6a8-46b0-886f-4a541d383f20,Alfamidi,MINIMARKET,-6.190227,106.8187077,Buka 24 Jam,
081e9032-3721-4439-bebf-dd5482189016,Indomaret,MINIMARKET,-6.1937307,106.8179142,Buka 24 Jam,
d05360ea-32aa-4f62-bee4-a7190d425d0f,RSUD TARAKAN JAKARTA,HOSPITAL,-6.1715508,106.8102456,Buka 24 Jam,
7117d26e-3271-45c8-a1c3-9d28b4359ac5,RSUD Tarakan,HOSPITAL,-6.1723055,106.8106017,Buka 24 Jam,
9a9cf196-928b-4f30-86ef-9337e00f6deb,Alfamart,MINIMARKET,-6.1889334,106.8088598,Buka 24 Jam,
5eb6c2bc-d441-4079-9a11-a129bf335d44,Alfamart,MINIMARKET,-6.1961525,106.8069638,Buka 24 Jam,
0050c1f7-fc05-4a03-9814-54539b27c9e2,Alfamart,MINIMARKET,-6.2029025,106.8064022,Buka 24 Jam,
17417735-540d-45a7-a840-cbf59204be26,Minimarket Terdekat,MINIMARKET,-6.2038971,106.805535,Buka 24 Jam,
d2242ae8-2760-4f47-9bc8-483c46e4576b,Indomaret,MINIMARKET,-6.2012369,106.8093323,Buka 24 Jam,
856ec39d-fbd9-4cc1-a969-1fdc4460be73,Alfamart,MINIMARKET,-6.2012196,106.8092018,Buka 24 Jam,
21632fe9-5e1b-47ca-b74e-065c7e5ca326,Indomaret,MINIMARKET,-6.1983463,106.8031908,Buka 24 Jam,
513ea8c0-c2ce-41d6-957e-c3afde85c5cf,Alfamart,MINIMARKET,-6.1990583,106.8021877,Buka 24 Jam,
ebf97612-0146-4a61-87f6-f18e8f17f14d,Indomaret,MINIMARKET,-6.2034972,106.8570257,Buka 24 Jam,
27d107b6-8557-4fde-a836-f5abfc681cf2,Lawson,MINIMARKET,-6.1977244,106.8515504,Buka 24 Jam,
8c967ee4-75ce-44c9-8368-c1702fd24356,Indomaret,MINIMARKET,-6.1870895,106.8322674,Buka 24 Jam,
aec58a3c-c40f-4e13-8401-ce5d29dbf991,Circle K,MINIMARKET,-6.1865482,106.8250409,Buka 24 Jam,
a74188e8-c263-4419-80f9-bce82541f2eb,Alfa Express,MINIMARKET,-6.1761028,106.830253,Buka 24 Jam,
986c17b2-b133-465e-8b31-6e5a4088308b,Indomaret,MINIMARKET,-6.1759351,106.8304884,Buka 24 Jam,
ee5953b1-3651-45d6-ba9f-cd33e2fc1a98,Alfamidi,MINIMARKET,-6.1855289,106.8293251,Buka 24 Jam,
20029071-c70e-4dee-b13b-b9a251de9500,Polsub Sektor Sabang,POLICE_STATION,-6.1869339,106.8253244,Buka 24 Jam,
bbe59dbb-25b2-421c-9dcc-e4a92e3d7efa,Alfamart,MINIMARKET,-6.3044404,106.8398341,Buka 24 Jam,
d52c6a62-522f-40b2-ac19-3a95c79d6301,Alfamart,MINIMARKET,-6.2954333,106.8411771,Buka 24 Jam,
d77e4e40-0634-4e64-b15f-ba632a27b13c,Circle K,MINIMARKET,-6.2448276,106.8434259,Buka 24 Jam,
92293d50-0ad5-4129-9534-58591970f45c,Pejaten Timur,POLICE_STATION,-6.2815808,106.8449453,Buka 24 Jam,
c868104b-362a-455e-8b9f-44b96f4848a9,Alfamart,MINIMARKET,-6.2725603,106.846717,Buka 24 Jam,
5d783a57-cf79-4ffc-93e1-eb3cb579e450,Police Station Terdekat,POLICE_STATION,-6.2555185,106.8430942,Buka 24 Jam,
f3c5fa7d-dac0-4c3a-b46b-7dbd0df830a3,Circle K,MINIMARKET,-6.2670846,106.8450682,Buka 24 Jam,
540c6fa7-d214-4cdb-82e1-519cfe6d6fe0,Alfamart,MINIMARKET,-6.1414777,106.8107197,Buka 24 Jam,
36cb0946-c506-4ada-baea-8e49a335573f,Indomaret,MINIMARKET,-6.1502273,106.8077718,Buka 24 Jam,
874913fd-09ad-4650-9645-e7a9cc18d686,Alfamart,MINIMARKET,-6.1503343,106.8077824,Buka 24 Jam,
e29a6098-e9ea-4c56-8772-6678b75f1f83,Emergency,HOSPITAL,-6.180435,106.8181303,Buka 24 Jam,+62213501012
66af1ce8-5758-49ba-91e2-d5e86860714a,PolsubSektor Thamrin,POLICE_STATION,-6.1944616,106.8236409,Buka 24 Jam,
2fa12c2d-e847-4512-85c4-8e459efebfcd,Lawson,MINIMARKET,-6.2171383,106.819377,Buka 24 Jam,
99b37df5-5563-4524-9a14-c9f272685019,Circle K,MINIMARKET,-6.2214475,106.8216749,Buka 24 Jam,
795466c5-9b01-4361-9dfc-a1a8f5e66de1,Lantas,POLICE_STATION,-6.224733,106.8279465,Buka 24 Jam,
6452d4bf-a307-448b-832c-4f583c715d2b,Alfamart,MINIMARKET,-6.1968595,106.8142267,Buka 24 Jam,
fdd85154-a025-44f5-982d-6acfbdf883b5,Indomaret,MINIMARKET,-6.1943962,106.8146148,Buka 24 Jam,
b5b8bd84-b23d-49c9-8e07-6e5fecf4b659,SubSektor Manggarai,POLICE_STATION,-6.2102698,106.851115,Buka 24 Jam,
90fd7fe0-e7e5-4364-b476-39b7dd01a212,Indomaret,MINIMARKET,-6.232317,106.8445705,Buka 24 Jam,
7fb5279e-6bdd-4084-978e-6c47d6334100,Indomaret,MINIMARKET,-6.2159805,106.8440999,Buka 24 Jam,
3207c6d8-f058-46aa-af26-608796d4ec42,Alfamidi,MINIMARKET,-6.2129347,106.8436944,Buka 24 Jam,
7d9c22c5-0efc-47c3-8c1a-0f018e8c2bda,Alfamidi,MINIMARKET,-6.2139514,106.8433067,Buka 24 Jam,
30231cf6-3f83-4f7d-bc6c-1b7a9b452394,RSIA Tambak,HOSPITAL,-6.206253,106.8486027,Buka 24 Jam,+62212303444
3026e8c3-823b-43c8-9f2e-2a7f31e0a49f,Substation,POLICE_STATION,-6.2006674,106.8431971,Buka 24 Jam,
9e55441b-43d3-493e-b8aa-b2b94aed0919,SubSektor Taman Suropati,POLICE_STATION,-6.199984,106.8329718,Buka 24 Jam,
387cabc3-311c-4c2c-ae68-309eef8790c1,Alfamart,MINIMARKET,-6.1939162,106.8501019,Buka 24 Jam,
a7123ffd-18c5-4f0a-a871-017a7c7549c5,Indomaret,MINIMARKET,-6.1880041,106.8472525,Buka 24 Jam,
b307a153-d001-4d11-a07b-9f070f0b17b3,Sub Station,POLICE_STATION,-6.1786115,106.8423634,Buka 24 Jam,
0151238b-6605-44b3-92e0-9d394d6032f4,Alfamart,MINIMARKET,-6.1929014,106.8549361,Buka 24 Jam,
0f167155-6ee5-4a88-a387-f5f4173b2bbb,Alfa Express,MINIMARKET,-6.1745717,106.844238,Buka 24 Jam,
5b61ad73-7512-4c75-b9d5-90b60cb9831f,Alfamart,MINIMARKET,-6.1872738,106.8480955,Buka 24 Jam,
aa844e46-4e80-44f8-a4fa-2c2238fc6752,Alfamart,MINIMARKET,-6.1871353,106.850251,Buka 24 Jam,
5cd5fd88-c08e-4d0a-a8f7-b15f9067029e,Alfamart,MINIMARKET,-6.1765159,106.8445866,Buka 24 Jam,
32afa48f-866a-4e38-900f-7d90d2fbe937,Alfa Express,MINIMARKET,-6.1754739,106.8446142,Buka 24 Jam,
036d07f7-87bf-465f-a086-9e46bca1fc9d,Indomaret,MINIMARKET,-6.1741109,106.8439808,Buka 24 Jam,
3d9b99f2-3bc2-4ac1-804c-580794633d82,Pos Pengamanan Terpadu,POLICE_STATION,-6.1735534,106.843528,Buka 24 Jam,
b79d89c9-572b-4557-8edd-75cd1e63684d,Lawson,MINIMARKET,-6.1738777,106.8438756,Buka 24 Jam,
59f9b088-35d9-4f4d-b005-ba7965efedb8,Alfamart,MINIMARKET,-6.1776271,106.8409674,Buka 24 Jam,
4ae03d66-f296-47c6-8194-d7c31c4aa047,Alfamart,MINIMARKET,-6.1699897,106.8156118,Buka 24 Jam,
983e17c1-2822-4164-a7dc-f98b493226e5,Alfamart,MINIMARKET,-6.1638542,106.8233538,Buka 24 Jam,
28be2ac8-f09d-4f40-acda-d7d0331c4904,Police Station Terdekat,POLICE_STATION,-6.1672287,106.8207784,Buka 24 Jam,
24f0167c-d5a1-443e-801e-187e02ddab2a,SubSektor Juanda,POLICE_STATION,-6.1678872,106.8304566,Buka 24 Jam,
df7f9a51-e969-4d50-9e04-10bd7d930e5e,Indomaret,MINIMARKET,-6.1633372,106.8245268,Buka 24 Jam,
034ece60-13a9-4564-947a-b6c7da842fdd,Police Station Terdekat,POLICE_STATION,-6.1698078,106.8329727,Buka 24 Jam,
eb62220e-a995-434d-a8dc-4f62bd491ee0,Alfamidi,MINIMARKET,-6.161809,106.8439363,Buka 24 Jam,
71e2b46c-4282-4b3c-a03c-19e6ddd06db6,Polisi Lalu Lintas,POLICE_STATION,-6.1629391,106.8403622,Buka 24 Jam,
263cebc7-0dc2-42ae-b7eb-a24d4ee6d556,SubStation,POLICE_STATION,-6.1591314,106.837181,Buka 24 Jam,
28e849d8-75d2-4cd6-b745-1f76dcfd74dd,Alfamidi,MINIMARKET,-6.1613672,106.8470804,Buka 24 Jam,
a7ff3af0-75f2-4a73-adb2-e235220d624a,Police Station Terdekat,POLICE_STATION,-6.1489974,106.8346401,Buka 24 Jam,
20e9ad96-1c2c-44b5-bad7-95bff442b9f6,Police Station Terdekat,POLICE_STATION,-6.2205256,106.813545,Buka 24 Jam,
c9c9d4dd-9ce3-4aa1-af76-b892ba372db0,Polisi,POLICE_STATION,-6.2187898,106.8115649,Buka 24 Jam,
c913f90d-9df3-4125-b487-7404506c148a,Police Station Terdekat,POLICE_STATION,-6.1871678,106.8363249,Buka 24 Jam,
728d160b-204f-4f3f-9cfb-9f74e0324da4,Alfamart,MINIMARKET,-6.2154194,106.8281412,Buka 24 Jam,
d60aab27-db97-4815-bf80-1a71bc28c119,Alfamidi,MINIMARKET,-6.1354628,106.8382818,Buka 24 Jam,
44506c50-f89e-4a57-b6aa-4c5f5dcb9309,SubSektor Stasiun,POLICE_STATION,-6.1100424,106.8829092,Buka 24 Jam,
b39f1fed-bfa5-40bf-98c6-437ec89acea9,Police Station Terdekat,POLICE_STATION,-6.1044404,106.8814304,Buka 24 Jam,
a5867101-5a9e-479e-aa80-8e94ee2db850,Polres Pelabuhan,POLICE_STATION,-6.1092963,106.8812719,Buka 24 Jam,
be664fdc-0894-4d03-9ae9-0558df95fec4,Indomaret,MINIMARKET,-6.1120751,106.8842749,Buka 24 Jam,
8043d633-2fd9-4e34-92ef-2336b0fddda9,Pertamini,GAS_STATION,-6.1153224,106.8960202,Buka,
cc516733-79c1-43eb-bd2a-b21528210ef8,Indomaret,MINIMARKET,-6.1613173,106.8064659,Buka 24 Jam,
c1e97e4a-dd21-4ed6-8a43-4e71075ae945,Pertamini,GAS_STATION,-6.114359,106.8995032,Buka,
6d26f94a-79a9-4211-a2b0-d1b907199479,Alfamart,MINIMARKET,-6.16139,106.8061906,Buka 24 Jam,
4d80ace7-f669-49ad-99fd-b74cec9c2dd8,Sub Station,POLICE_STATION,-6.1659649,106.8080832,Buka 24 Jam,
983c61e1-4f58-4d27-a2c2-280793555769,Pertamini,GAS_STATION,-6.1165852,106.8031031,Buka,
1ab0aa31-18b8-42b7-9fbf-a43fe3d44e64,Pertamini,GAS_STATION,-6.1135467,106.8026981,Buka,
346819cd-c328-42a3-bcd8-466c8e3e629c,Pertamini,GAS_STATION,-6.1206317,106.8037071,Buka,
3a71ce99-6100-43a1-b00d-13c14cf627c8,Pertamini,GAS_STATION,-6.1206259,106.8038019,Buka,
99792d05-ebc9-4527-9711-1b3eff9b8a2d,Pertamini,GAS_STATION,-6.1240755,106.8038541,Buka,
ba17983e-df9d-4a58-8808-8937536f85d2,Indomaret,MINIMARKET,-6.1276299,106.8044449,Buka 24 Jam,
b1aa0679-853f-4e38-b513-9a152dacf040,Alfamart,MINIMARKET,-6.1277582,106.8044696,Buka 24 Jam,
8cad5f94-f7d9-488a-8e41-eb6ec896efc1,Pertamini,GAS_STATION,-6.1118487,106.8026141,Buka,
95de8c4a-fed0-4931-982a-1751ac172901,Gas Station Terdekat,GAS_STATION,-6.118815,106.8034509,Buka,
a2a964ab-bcaa-4e46-8a78-ee6344e165dd,Gas Station Terdekat,GAS_STATION,-6.1173903,106.8032263,Buka,
06e4b49b-38e4-4b51-954e-ce09c6bfe10c,Pertamini,GAS_STATION,-6.3386209,106.8289199,Buka,
5b1a1cb9-8e13-4860-9f57-307756b79f24,Polsek Medan Satria,POLICE_STATION,-6.1811903,106.9739553,Buka 24 Jam,+622188974455
27d10f70-653f-41f7-ae42-bb7cff023776,Alfamart,MINIMARKET,-6.2452444,106.9052828,Buka 24 Jam,
28d23441-8b48-4a7b-8e47-c654a6853415,Circle K,MINIMARKET,-6.2778431,106.8159959,Buka 24 Jam,
4a2db5cd-8b9a-4b9d-be80-ec341d7577b8,KOBAN Jatimulya,POLICE_STATION,-6.266861,107.0187062,Buka 24 Jam,
50f94d47-5c5c-4ce9-9d69-4aacbee4429e,Alfamidi,MINIMARKET,-6.2268335,106.8213427,Buka 24 Jam,
a3a36aa1-5dfb-4fbb-9774-103811423ca2,Gas Station Terdekat,GAS_STATION,-6.1957759,106.814329,Buka,
53e60840-35a9-4169-9699-e5a54b1ceed2,SPBG Ancol,GAS_STATION,-6.1277186,106.8305692,Buka,
fd737c6f-b5cc-4443-a163-97518a6d61d6,Mabes Polri,POLICE_STATION,-6.2393705,106.801586,Buka 24 Jam,
39d11258-93df-412c-a5aa-e308611c5b54,Pertamina,GAS_STATION,-6.2129739,106.9457921,Buka,
0e934563-5ebf-44ae-8a91-1e8889801f4a,RSIA SELASIH MEDIKA,HOSPITAL,-6.2311363,106.958469,Buka 24 Jam,
51d9b37f-2eec-4582-a62e-99f608bab5e6,Klinik Prof. Ufa,HOSPITAL,-6.2821337,106.9139644,Buka 24 Jam,
06db8801-9e20-47e0-9964-f72603779392,RS Taman Harapan Baru,HOSPITAL,-6.176561,106.9984142,Buka 24 Jam,+62 21 8898 1055
ac62b3c2-cad9-41ec-a577-dace512ae6b5,Bensin Kong Janin,GAS_STATION,-6.2932768,106.9986297,Buka,
bc8bfa89-5bbc-41fa-9f8e-b1c7407c6409,Gas Station Terdekat,GAS_STATION,-6.2905477,106.9959735,Buka,
c4bab372-3dfc-49a9-b42b-e93bcec3bb00,Gas Station Terdekat,GAS_STATION,-6.2068822,107.0165456,Buka,
6ad84f7a-1c37-4a1d-a6b9-64ece812074c,SPBU Mini,GAS_STATION,-6.3324991,106.8342655,Buka,
4c08818a-3c4e-4849-bd09-ad2f1d890e47,Alfamart,MINIMARKET,-6.2542763,106.9442092,Buka 24 Jam,
f165436f-c0a4-4b02-b9c2-199ed262b6ea,Alfamart,MINIMARKET,-6.2055988,106.8098197,Buka 24 Jam,
1c1a64d5-2525-49e5-bb58-7f3d70588994,RS Cikarang Medika,HOSPITAL,-6.2520254,107.1447225,Buka 24 Jam,
8c1af772-3024-4008-9f4f-a0c44c7df9fe,SPBG 31-A-125-03,GAS_STATION,-6.3007864,106.8210646,Buka,
fc2f4a0f-7433-49ea-be4a-e62430d8a297,SPBG 31-A-125-03,GAS_STATION,-6.3009789,106.820889,Buka,
070f49c3-cbb2-4830-8804-b465de22423e,Bensin,GAS_STATION,-6.3043608,107.0042021,Buka,
36ced3ec-ea71-44cf-8003-8d638011bed6,Klinik SouthernUK,HOSPITAL,-6.2078757,106.8675387,Buka 24 Jam,
a54fb0f3-1324-4597-9358-ca6d4ac4a7b4,Puskesmas Tambun,HOSPITAL,-6.2603919,107.0546781,Buka 24 Jam,
48f08f13-cd30-4767-8dc9-7b321102faa4,Puskesmas Kecamatan Senen Kramat Baru,HOSPITAL,-6.1823419,106.8442225,Buka 24 Jam,
338707a4-96c2-4301-bb6c-873a87624ebd,Asyifa Husada Medical Center,HOSPITAL,-6.2363966,107.0899197,Buka 24 Jam,
aabc65d7-61fd-45ed-be48-ae6b523d6950,Ocean Dental Tebet,HOSPITAL,-6.2282877,106.8554624,Buka 24 Jam,
0b3c1a33-024c-4b13-9d98-1558d8abb9e4,Police Station Terdekat,POLICE_STATION,-6.1783544,106.8307132,Buka 24 Jam,
0d55a9c6-9f6d-4d1a-beb8-4f85c881e0cf,Mobil Indostation Mustikasari,GAS_STATION,-6.2899336,107.012814,Buka,
c7e8dcbe-7c2b-42e1-affe-1d1d406c3206,Gas Station Terdekat,GAS_STATION,-6.2905587,107.0140791,Buka,
156eb4ec-a9ee-4f43-ac5f-11f90a6a7ca4,Gas Station Terdekat,GAS_STATION,-6.295214,106.9988388,Buka,
c0b5347b-9cad-41a8-a9c9-f65918f39497,"Rumah Sakit Dr. Abdul Radjak, Cibitung",HOSPITAL,-6.2434078,107.1524209,Buka 24 Jam,
018a7c8d-dc4f-4ece-a19e-820d71423d51,Gas Station Terdekat,GAS_STATION,-6.2951982,106.9990411,Buka,
43ef631a-d1fe-43ce-966d-3fce8c70ed7c,Pertamina,GAS_STATION,-6.2707542,107.0384914,Buka 24 Jam,
0fba60d8-7370-4daf-9a91-f831db63d0b2,Gas Station Terdekat,GAS_STATION,-6.3001384,106.9989763,Buka,
b913748c-bcfc-4b09-b1f7-131b152d582d,Pertamina,GAS_STATION,-6.1248443,106.8299134,Buka,
3770bcb4-9028-4b20-abcc-968ee14780d8,Tarumajaya Hospital,HOSPITAL,-6.123503,106.9924724,Buka 24 Jam,
f8c251ec-486e-4310-a776-fe8764c2c95c,Rumah Sakit Ibu dan Anak Aries,HOSPITAL,-6.1576355,106.809994,Buka 24 Jam,
f76cadcc-0773-4062-ab8e-68abadee2b21,Pertamini,GAS_STATION,-6.3231055,106.8577889,Buka,
2959760a-f91f-4dcb-bd7f-ebd45bafbed1,RS FIRDAUS,HOSPITAL,-6.156138,106.923068,Buka 24 Jam,
c27d16bd-83e6-47b7-a818-ad887b4eb239,RS YARSI JAKARTA,HOSPITAL,-6.1698396,106.8690492,Buka 24 Jam,
d0b5e640-2b63-4b62-8de5-62c0eb8f6a70,RSUD TAMAN SARI,HOSPITAL,-6.143789,106.819198,Buka 24 Jam,
140f176c-5635-49de-8f14-add5e37a95a0,RS MENTENG MITRA AFIA,HOSPITAL,-6.1869354,106.838375,Buka 24 Jam,
7bb65139-f0ca-4dba-b6e9-f8d6917246a0,RS BHAKTI MULIA,HOSPITAL,-6.1995871,106.8005392,Buka 24 Jam,
acd3b0a5-508f-4f4e-af9c-5b1dc9ac87d4,RS ISLAM JAKARTA CEMPAKA PUTIH,HOSPITAL,-6.1706549,106.8708222,Buka 24 Jam,
b3c5ec22-29e3-43d1-9f0e-ffa08ed2a8f3,RSUD CEMPAKA PUTIH,HOSPITAL,-6.184668,106.8723994,Buka 24 Jam,
cee83384-f897-484d-99a7-2d9d42196538,RS PELNI PETAMBURAN,HOSPITAL,-6.1931924,106.8036904,Buka 24 Jam,
38a120ad-7434-46db-9eed-0e87bf7d666d,RSUD JOHOR BARU,HOSPITAL,-6.1818356,106.8504657,Buka 24 Jam,
ade46123-2501-4d00-9f4d-6fad217da590,RS PRIMAYA PGI CIKINI,HOSPITAL,-6.1914003,106.8419064,Buka 24 Jam,
4afe41f5-5416-4dc4-994c-4c347f62e564,RS MANUELA,HOSPITAL,-6.1504414,106.825941,Buka 24 Jam,
89b8950e-939b-4553-9754-4bf6dbb063ff,RSUD ABDI WALUYO,HOSPITAL,-6.1898118,106.8293431,Buka 24 Jam,
141592d2-58b0-43ad-84ae-8e5c1439e025,RSUD TANAH ABANG,HOSPITAL,-6.1910555,106.8144549,Buka 24 Jam,
3db48edf-08cf-4cc0-a2a6-d20d4221e1ab,RSUD KEMAYORAN,HOSPITAL,-6.1567123,106.8637725,Buka 24 Jam,
63a745cc-c439-46c5-8dd4-51c4649cdacf,RS PERTAMINA JAYA,HOSPITAL,-6.1731387,106.8758643,Buka 24 Jam,
4d038234-98b7-4c5d-a339-b9f747317cfb,RS PRIMAYA EVASARI,HOSPITAL,-6.1935611,106.8598631,Buka 24 Jam,
a00d8688-9af0-48af-adba-3c7c142cc5c7,RSAL dr. MINTOHARDJO,HOSPITAL,-6.2108836,106.811964,Buka 24 Jam,
c53e7dcb-0bbd-480d-9c23-003b7fafebb1,RSUD SAWAH BESAR,HOSPITAL,-6.1489027,106.8298217,Buka 24 Jam,
389f33e7-260c-4c07-a3a0-cc21368e43f5,RS MITRA KELUARGA KEMAYORAN,HOSPITAL,-6.1521122,106.8585957,Buka 24 Jam,
b86e0c52-9679-47dc-91fd-b28c71f73317,RS ST. CAROLUS,HOSPITAL,-6.1958347,106.8517604,Buka 24 Jam,
a46695e1-daa8-4250-9263-e92ed87d5f70,RS HERMINA KEMAYORAN,HOSPITAL,-6.1542245,106.8456843,Buka 24 Jam,
7dc558c6-1d5a-4296-a8a5-0e8943704802,RS RADJAK SALEMBA,HOSPITAL,-6.1936527,106.8520454,Buka 24 Jam,
b02f8218-18c3-423e-8f20-fcb9c53dc7cc,RS KRAMAT 128,HOSPITAL,-6.1856105,106.8439659,Buka 24 Jam,
e8f38eb1-e9e7-4ed0-a66c-c38159df76a3,RSUD JAGAKARSA,HOSPITAL,-6.3161758,106.8113627,Buka 24 Jam,
fb1daae4-893b-4af7-80b5-44eab6154710,RS MURNI TEGUH SUDIRMAN JAKARTA,HOSPITAL,-6.2095279,106.8193331,Buka 24 Jam,
975d7ccf-1892-4707-87f0-6e60771be929,RSUD TEBET,HOSPITAL,-6.2316371,106.8466802,Buka 24 Jam,
1dab9fe0-8c95-4695-a911-7547495ad2b0,RS HUSADA,HOSPITAL,-6.1474995,106.829499,Buka 24 Jam,
05032744-9447-4791-bbf9-f0b583a186ad,RSUD JATI PADANG,HOSPITAL,-6.2855018,106.8423101,Buka 24 Jam,
b340bd2b-91f9-4e77-9e58-1088011cb140,RSUD MAMPANG PRAPATAN,HOSPITAL,-6.2404652,106.8269643,Buka 24 Jam,
a2b541b0-2113-432e-a1c2-30f1d45103dd,RS TEBET,HOSPITAL,-6.2427408,106.8501648,Buka 24 Jam,
b267b894-d37f-4a32-98dd-1e4c6d405bc1,RS SILOAM ASRI,HOSPITAL,-6.254542,106.8323327,Buka 24 Jam,
fda49a3c-41b7-4223-be24-845c06bdc48a,RS METROPOLITAN MEDICAL CENTER (MMC) JAKARTA,HOSPITAL,-6.2199712,106.8324591,Buka 24 Jam,
56ed0b44-e186-4532-9377-9c3c5c568078,RS BRAWIJAYA SAHARJO,HOSPITAL,-6.2245705,106.8480329,Buka 24 Jam,
b8d840dc-8c61-4464-9774-e92732bcadad,RS AGUNG,HOSPITAL,-6.2091793,106.8463579,Buka 24 Jam,
c10afe7a-81c0-44b0-a4f5-3f2deee58dfd,RS JAKARTA MEDICAL CENTER,HOSPITAL,-6.2713208,106.8302102,Buka 24 Jam,
339856e6-6b94-4482-8140-6da2fe5d3979,RS ALI SIBROH MALISI,HOSPITAL,-6.3448144,106.8138523,Buka 24 Jam,
b7b59605-00eb-4252-aaf3-67afb59844ad,RS HARAPAN KARTINI,HOSPITAL,-6.2860998,106.8159371,Buka 24 Jam,
e53fbd7a-2c75-48ad-9e62-714bde3bff06,RS TRIA DIPA,HOSPITAL,-6.250886,106.8419482,Buka 24 Jam,
2e8857ad-4d35-4c31-af66-ccdf56f7bb23,RS AULIA,HOSPITAL,-6.3345083,106.8273883,Buka 24 Jam,
a7bab096-1833-4b25-af5f-217223f3e1b2,RS MARINIR CILANDAK,HOSPITAL,-6.3048414,106.810618,Buka 24 Jam,
85bbf7eb-fd7b-4c3f-8107-2b898629545f,RS MEDISTRA,HOSPITAL,-6.2398349,106.8336597,Buka 24 Jam,
825fc1da-0f5b-4cce-a4b2-283c7c163532,RS ANTAM MEDIKA,HOSPITAL,-6.192682,106.9026992,Buka 24 Jam,
2326d65f-b02b-4688-a222-13408246ce5c,RSUD KRAMAT JATI,HOSPITAL,-6.2868679,106.8622797,Buka 24 Jam,
336a458c-61c7-4aef-9f76-cc5ab29454db,RS HAJI JAKARTA,HOSPITAL,-6.2898814,106.8891492,Buka 24 Jam,
3fa2fe13-9d77-4b0e-852e-db9843993978,RSKB Columbia Asia Pulomas,HOSPITAL,-6.1821493,106.891082,Buka 24 Jam,
0c160221-7005-4863-8bc8-302b0ca863d9,RSUD CIRACAS,HOSPITAL,-6.3455971,106.8738712,Buka 24 Jam,
d4565a8f-f037-4814-b0b4-8a2ffadc4fcc,RSUD MATRAMAN,HOSPITAL,-6.2062623,106.8660138,Buka 24 Jam,
4dcbe32d-f73f-48cf-80b3-4b27574be1a2,RSUD PASAR REBO,HOSPITAL,-6.3033892,106.8618752,Buka 24 Jam,
c2896caa-c5cb-4548-a16d-b07a53d6699c,RSAU DR. ESNAWAN ANTARIKSA,HOSPITAL,-6.2573733,106.8918558,Buka 24 Jam,
3b827b50-048c-430d-b210-9bb00ee3a1ee,RSUD BUDHI ASIH,HOSPITAL,-6.2560273,106.862978,Buka 24 Jam,
b2041c44-7151-4ec1-a624-15ff5c95805f,RS BHAYANGKARA RADEN SAID SUKANTO,HOSPITAL,-6.2696092,106.8711147,Buka 24 Jam,
6e852e20-0176-4fcd-a5ba-f132e8d04c33,RS RIDWAN MOREKSA,HOSPITAL,-6.2942592,106.8825824,Buka 24 Jam,
8662bff0-17bc-42b4-aa5b-1b3b50d2b1d4,RS ADHYAKSA,HOSPITAL,-6.3078316,106.8927312,Buka 24 Jam,
d224945e-e830-4fa8-b44e-e6ebfd122922,RS YADIKA PONDOK BAMBU,HOSPITAL,-6.2371953,106.8991335,Buka 24 Jam,
5d80ae27-ce3a-4375-8652-3d53e1e43d8e,RS HERMINA JATINEGARA,HOSPITAL,-6.2215235,106.8644361,Buka 24 Jam,
cb5f0d4f-4260-49a1-9f87-3a0a14f07de6,RSUP Persahabatan,HOSPITAL,-6.2026878,106.8847484,Buka 24 Jam,
42bdb198-79a3-4395-9f96-943c2893f0dd,RS HARAPAN BUNDA,HOSPITAL,-6.3029512,106.8680213,Buka 24 Jam,
2c20e66a-e0bd-490b-a9b7-97bf7aa0fca1,RS DHARMA NUGRAHA,HOSPITAL,-6.1960084,106.8863978,Buka 24 Jam,
47185ae9-893f-41f6-8aee-0f0a4a4be88d,RS HARAPAN JAYAKARTA,HOSPITAL,-6.1948769,106.9062814,Buka 24 Jam,
7c721791-d42a-4eb0-b87d-d2297e794dc1,RS KESDAM JAYA CIJANTUNG,HOSPITAL,-6.3073687,106.8589442,Buka 24 Jam,
ddd157f7-53b2-442e-aa7d-b3e264a4488d,RS ISLAM JAKARTA PONDOK KOPI,HOSPITAL,-6.2200191,106.9396181,Buka 24 Jam,
4b9a3534-d7b7-476c-8060-488335ddbade,RSUD PADEMANGAN,HOSPITAL,-6.1328308,106.8402507,Buka 24 Jam,
474bfa0c-c531-42f9-a494-a1fc3ac8f576,RS KARTIKA PULOMAS,HOSPITAL,-6.1759668,106.8848922,Buka 24 Jam,
b64c4424-824b-4607-b358-b100cce7add4,RSUD TANJUNG PRIOK,HOSPITAL,-6.116082,106.8888254,Buka 24 Jam,
4ed6d970-02d0-42dc-a711-7c3fc2b83415,RS HARUM SISMA MEDIKA,HOSPITAL,-6.2481403,106.9096007,Buka 24 Jam,
6000f8c9-b1e4-43f6-bb32-42991bc5382e,RS EMC PULOMAS,HOSPITAL,-6.1802378,106.8837433,Buka 24 Jam,
1f63a05e-14b8-4bf6-9052-3b30bd89ecd5,RS PENGAYOMAN CIPINANG,HOSPITAL,-6.2149417,106.8837596,Buka 24 Jam,
904cc39a-99c8-4cc3-8339-c2403e74be17,RS MEDIROS,HOSPITAL,-6.1798914,106.9036994,Buka 24 Jam,
b284a0c5-fef9-46eb-97a0-148db0f0cc3a,RSUD CILINCING,HOSPITAL,-6.112986,106.9262566,Buka 24 Jam,
72d3d8b2-5572-4731-966a-df8b2f4d47ea,RSUD KOJA,HOSPITAL,-6.1089322,106.8996682,Buka 24 Jam,
a876876d-effc-4216-ab84-2846dcdd2b85,RS PELABUHAN JAKARTA,HOSPITAL,-6.1249202,106.9178262,Buka 24 Jam,
e9e025b3-edb7-41cd-a40e-dbcb7efc74fd,RS PUSDIKKES,HOSPITAL,-6.276816,106.8694697,Buka 24 Jam,
d0808e6a-5fc9-445f-b637-d52881c74e11,RS ROYAL PROGRESS,HOSPITAL,-6.1394322,106.865455,Buka 24 Jam,
b1bb724e-ee77-4b63-8aac-48b693c59b0d,RSUD TUGU KOJA,HOSPITAL,-6.1274896,106.906859,Buka 24 Jam,
5e9ffad4-1c4a-411d-b59b-68455f0eebbc,RS HERMINA PODOMORO,HOSPITAL,-6.1455694,106.8613627,Buka 24 Jam,
a45d7e3f-c474-437b-ab28-0f0c412bc3e4,RS PURI MEDIKA,HOSPITAL,-6.1291818,106.890191,Buka 24 Jam,
d54dbf01-d9b1-49f0-a77a-51fe980e3989,Hospital Terdekat,HOSPITAL,-6.1560003,106.9230147,Buka 24 Jam,
c6a34ef4-1ef6-44e2-a8b4-4b795f5f0610,RSU MULYASARI,HOSPITAL,-6.1290752,106.9064976,Buka 24 Jam,
c64b4a21-20d8-4e62-9bfc-282fa72c2060,RS MITRA KELUARGA KELAPA GADING,HOSPITAL,-6.1518139,106.89704,Buka 24 Jam,
934d11ab-a660-4e53-9fb4-f6310418b3d9,RSU GADING PLUIT,HOSPITAL,-6.166093,106.9159241,Buka 24 Jam,
da03f95c-2980-489a-9f97-efb1402e37e2,RSU PORT MEDICAL CENTER,HOSPITAL,-6.1103582,106.8893777,Buka 24 Jam,
dc96635f-2e5d-4915-88c4-78bc8fdedd7c,RS ISLAM JAKARTA SUKAPURA,HOSPITAL,-6.1397437,106.9208253,Buka 24 Jam,
850bb65f-3387-4e23-9e45-bea3c2c877b7,RS SUKMUL SISMA MEDIKA,HOSPITAL,-6.1120721,106.8820012,Buka 24 Jam,
1d4f2152-7b54-4d03-aad5-5b73eb60c536,RSU PEKERJA,HOSPITAL,-6.145254,106.9232026,Buka 24 Jam,
3e1ec73f-6cc3-4cb6-82ee-f7b171d80d8a,RS SATYA NEGARA,HOSPITAL,-6.1388457,106.8615552,Buka 24 Jam,
e9afd481-2b69-4d59-b80b-71e1f452d790,RS ZAHIRAH,HOSPITAL,-6.3357413,106.8235642,Buka 24 Jam,
adaaf825-53e0-4e03-870d-8a8deb8d5c09,Polsek Tambun Selatan,POLICE_STATION,-6.2610017,107.0581016,Buka 24 Jam,
ded030fd-5fc9-4e2e-995f-1ec0b31aeef0,Gas Station Terdekat,GAS_STATION,-6.2920478,106.9851265,Buka,
5420301e-a2bc-40d4-bdf1-1ccedbf676ca,SPBU BP,GAS_STATION,-6.291496,107.0356145,Buka,
fda686d8-9c12-4d5f-8d34-0ffb08f5620b,Rumah Sakit Umum Daerah Karawang,HOSPITAL,-6.3208159,107.2930943,Buka 24 Jam,
dc8ce85d-6ca5-45a4-a401-45963034883a,Shell Karawang Barat,GAS_STATION,-6.3334377,107.2746953,Buka,
98321d9f-b933-491e-9e72-5686028b4fa2,Pertashop,GAS_STATION,-6.1873638,106.9325041,Buka,
43f41c83-9c21-458c-9ae3-127d742dca37,Alfamart,MINIMARKET,-6.2578876,106.8499543,Buka 24 Jam,
ea21151e-61d7-4de0-a689-6db383d053c0,Alfamart,MINIMARKET,-6.256319,106.8505765,Buka 24 Jam,
5f095ac9-c05a-4b32-a4c1-69957f8db0fb,Pertamina,GAS_STATION,-6.3339074,106.8476908,Buka,
76251b69-4661-4f0e-8345-43559e6536bc,Gas Station Terdekat,GAS_STATION,-6.2815508,107.0030204,Buka,
48eeda03-1ecc-423e-a3dd-b4786bd71a92,RS Helsa Jatirahayu,HOSPITAL,-6.296209,106.9210449,Buka 24 Jam,
1b990e13-32d9-46b9-9d39-efc9a4435f71,Alfamart,MINIMARKET,-6.2298964,106.9601036,Buka 24 Jam,
8d88ad2b-181f-4de8-aeb8-56bde954dd62,Plong Kramat Jati,HOSPITAL,-6.288994,106.869359,Buka 24 Jam,
ebd79296-339f-483f-bc05-393d357694c0,Polsek Pondok Gede,POLICE_STATION,-6.2832515,106.9136258,Buka 24 Jam,
a13b9897-49d3-46b2-b8aa-2fa7cf7c976c,Gas Station Terdekat,GAS_STATION,-6.2997512,107.2999896,Buka,
06ba225a-e586-4ba0-827e-d852f9ef49b1,Gas Station Terdekat,GAS_STATION,-6.2999662,107.2835506,Buka,
30fba01c-bcb6-404a-909e-d901cc5d6f1e,Sinshe Tong Ren,HOSPITAL,-6.2618713,106.8292364,Buka 24 Jam,+6285286012859
52f6637a-baf2-42ad-ba9f-b3255b268765,RS PGI CIKINI,HOSPITAL,-6.1913999,106.8418969,Buka 24 Jam,
547b7702-1360-4c10-a11e-ee83eec2eb8a,CANCER ARMY GYM,HOSPITAL,-6.3495295,106.8945349,Buka 24 Jam,
8a063388-0761-4073-8c00-8d0ab66e72cb,Lamina Pain and Spine Center,HOSPITAL,-6.284324,106.827048,Buka 24 Jam,
04ad8c65-f109-4cbf-8447-5ea22d077e7e,Alfamart,MINIMARKET,-6.2391943,106.8101397,Buka 24 Jam,
5f837ba0-e954-46ba-803c-5dc72c75e610,Indomaret,MINIMARKET,-6.1620516,106.8310046,Buka 24 Jam,
93eb3e1a-514f-403d-a372-416a41313807,Indomaret,MINIMARKET,-6.1656129,106.8343007,Buka 24 Jam,
9e863a54-321d-430d-ba4b-72391344a86b,Indomaret,MINIMARKET,-6.1647756,106.8267796,Buka 24 Jam,
cd284cbb-bf1a-4594-98a5-4a7008ca91a7,Indomaret Drive Thru,MINIMARKET,-6.1760058,106.8010368,Buka 24 Jam,
ae7c70e6-b3e7-4f85-a254-e08d3b4046ae,bp Ultimate,GAS_STATION,-6.1757306,106.8013849,Buka,
3cd67caf-c19b-4027-8a73-85263b8fac91,Alfamart,MINIMARKET,-6.2063491,106.8098722,Buka 24 Jam,
ddd64295-eead-4724-a0d2-437115ab0e1a,Indomaret,MINIMARKET,-6.2094597,106.8120506,Buka 24 Jam,
335722e7-67ef-47bc-b5c6-4a56aa099e4f,Polsek Metro Menteng sub Cut Mutia,POLICE_STATION,-6.1876,106.8333385,Buka 24 Jam,
9b05264d-6a40-4980-a666-fe55ab9a6626,Alfamart,MINIMARKET,-6.161501,106.8162185,Buka 24 Jam,
eaa77143-b317-44e3-bf35-96c8885e6d29,Alfamart,MINIMARKET,-6.1932391,106.85161,Buka 24 Jam,
7e50dfdb-3099-406c-a5a2-2f2a19197c1f,BP AKR,GAS_STATION,-6.1722805,106.9620682,Buka,
f3da1fd6-ee22-4c2d-8585-3ba81b3d0ade,Pertamina,GAS_STATION,-6.1619971,106.9898752,Buka,
d77a443c-d335-4f18-a963-a7d082598d07,Alfamart,MINIMARKET,-6.1921858,106.8055941,Buka 24 Jam,
bd7b409f-48e5-4709-abb4-6254bf48cb5e,BP,GAS_STATION,-6.320936,106.8361941,Buka,
e9d2fef5-3e1c-4191-9578-bd7478084ae8,Toko Putri Madura,MINIMARKET,-6.2948105,106.9688208,Buka 24 Jam,
f29b716d-f51a-4037-9e7e-c87c46ed52f9,RS Sukmul Sisma Medika,HOSPITAL,-6.1120749,106.8819941,Buka 24 Jam,
8a0a2793-8eec-40a3-bdd1-22d648abdc9a,Rumah Sakit Cijantung,HOSPITAL,-6.3074662,106.8588999,Buka 24 Jam,
76e09858-2db9-4eb6-9929-c60cbd633efd,Rumah Sakit Harum Sisma Medika,HOSPITAL,-6.2481335,106.9096278,Buka 24 Jam,+62218617212
cf3682d2-c137-48f4-9aa6-a2c39140e996,Rumah Sakit Bersalin Bidara Mulia,HOSPITAL,-6.2306521,106.8669761,Buka 24 Jam,
338b729d-3132-4047-a1c4-aa30af574169,RSKB Medika,HOSPITAL,-6.1981107,106.8517129,Buka 24 Jam,
75ffc805-81a3-40f4-8790-39bcca54f0e0,Polsek Jatinegara,POLICE_STATION,-6.243752,106.8682346,Buka 24 Jam,
1095a0ef-8f16-478e-aea6-8b8c21f09261,Rumah Sakit MMC,HOSPITAL,-6.2199172,106.8324139,Buka 24 Jam,+62 21 5203 435
8e4d9f6f-205e-4bc6-afcf-fc66b65641cd,Rumah Sakit Umum UKI,HOSPITAL,-6.2508359,106.8724368,Buka 24 Jam,
e5a3dac4-bce4-4fdb-b9c1-335ae93f72e5,Rumah Sakit Hewan Jakarta,HOSPITAL,-6.2990985,106.8196995,Buka 24 Jam,
070d7dc6-979a-4990-b84a-b46f04adac44,SPBU 34-13416,GAS_STATION,-6.2276739,106.9263208,Buka,
8d3082bb-70da-45e0-b9ff-a92062b6878a,RSIA Hermina Bekasi,HOSPITAL,-6.2417963,106.9949635,Buka 24 Jam,+62 21 8842121
10f7aace-8e15-435f-8114-ab4e11fce5f7,Rumah Sakit Ibu dan Anak Asta Nugraha,HOSPITAL,-6.2215123,106.9147916,Buka 24 Jam,
c73606db-5b61-42e0-b4fd-65554feb57d6,RS Murni Teguh Sudirman Jakarta,HOSPITAL,-6.2094632,106.8195335,Buka 24 Jam,
1814cf4e-6703-4df5-92de-2c03106295ce,Shell Raden Inten,GAS_STATION,-6.2340783,106.9232038,Buka,+622186909112
3b957ccf-b060-498d-b490-a61ee5baaf87,Rumah Sakit Jakarta,HOSPITAL,-6.2185961,106.8163304,Buka 24 Jam,
0ba372cd-0e44-43cc-a953-a3115a38b7b2,RSUD Pasar Rebo,HOSPITAL,-6.3035975,106.8620935,Buka 24 Jam,
69f7b467-a412-44b9-b089-eab607a7b1c8,Rumah Sakit Umum Persahabatan,HOSPITAL,-6.2047966,106.8842734,Buka 24 Jam,+62 21 4891708
dc0ad46b-b35d-4f13-94a8-22721bc7649e,Polres Metro Bekasi Kota,POLICE_STATION,-6.2444689,106.9995275,Buka 24 Jam,
aebc4e8f-5830-488f-b511-e51548a38b2f,Garuda Sentra Medika,HOSPITAL,-6.1572889,106.8414238,Buka 24 Jam,+622142883359
f39b67b6-ad66-491a-a207-78203902502f,Pos Polisi KBN,POLICE_STATION,-6.143575,106.9390791,Buka 24 Jam,
19eb75a3-1185-4785-9dfe-ab6e9476690e,Polsek Cilincing,POLICE_STATION,-6.1018221,106.939616,Buka 24 Jam,
35316f86-4003-4cff-961c-1c63af8c142d,Polsek Kelapa Gading,POLICE_STATION,-6.1553307,106.9111804,Buka 24 Jam,
ef1e7a68-b6c3-45b4-a2fd-6c519346556a,Sektor Kelapa Gading,POLICE_STATION,-6.162773,106.9079123,Buka 24 Jam,
cf583906-2820-42ad-b123-1a39447d5b91,Polsubsektor Marunda,POLICE_STATION,-6.1247555,106.9578565,Buka 24 Jam,
1d57a975-e9b6-4268-adb5-c8561b75ecd6,RS Gading Pluit,HOSPITAL,-6.1661784,106.9160662,Buka 24 Jam,
eb4cc7a2-39b0-4382-afe0-71cc1df51fd1,Polisi Sektor Koja,POLICE_STATION,-6.1301563,106.8986746,Buka 24 Jam,
bf467846-df64-4bce-aa1c-bd2a632deb78,Rumah Sakit Radjak Salemba,HOSPITAL,-6.1936543,106.8520926,Buka 24 Jam,+62213904422
d1568b5e-6c99-4719-b2ff-a5684cb44b51,Rumah Sakit Umum Kecamatan Sawah Besar,HOSPITAL,-6.1489007,106.829821,Buka 24 Jam,
45338f6c-d73c-4b70-bff9-6a53fb6069de,Rumah Sakit Khusus THT dan Bedah Kepala Leher Proklamasi,HOSPITAL,-6.2018877,106.8472497,Buka 24 Jam,
b4205dfb-d659-46a1-a934-d4161585b7ab,Polsek Cempaka Putih Pol Subsektor Rawasari,POLICE_STATION,-6.1913952,106.8635761,Buka 24 Jam,
b60bc98b-a67f-4d5a-83ab-b899843bfdab,Primaya Evasari Hospital,HOSPITAL,-6.1935524,106.8597557,Buka 24 Jam,
6f5fd086-9e0b-41aa-8dcf-17998de5c20f,Rumah Sakit Umum Kecamatan Cempaka Putih,HOSPITAL,-6.1846854,106.8723951,Buka 24 Jam,
2f21da74-9b3c-40f6-a8dc-dceafdda2c9d,Polsek Sawah Besar,POLICE_STATION,-6.1704007,106.839091,Buka 24 Jam,
0958a808-3af0-4c4e-9696-1ee1577a0429,Lembaga Kesehatan Budi Kemuliaan,HOSPITAL,-6.1805236,106.818208,Buka 24 Jam,
caeb8400-6916-4a2c-95fd-231a56003497,POL SUBSEKTOR Kartini,POLICE_STATION,-6.157779,106.8336547,Buka 24 Jam,
d8bab7ea-75b7-4312-bb9a-29b3d4d4b321,Polsek Kemayoran Polres Metro Jakarta Pusat,POLICE_STATION,-6.1591745,106.8532192,Buka 24 Jam,
538fcbdb-b8f1-404e-8d18-62a311befef2,Rumah Sakit Gigi dan Mulut Ladokgi TNI AL R.E Martadinata,HOSPITAL,-6.2114473,106.8087207,Buka 24 Jam,
169d5667-537d-4db0-bdca-1b7b30dc18eb,Kantor Polisi Sektor Metro Tanah Abang,POLICE_STATION,-6.2006578,106.8096875,Buka 24 Jam,
5e92ab70-9ad5-42de-8c2c-794710fc7e6a,Rumah Sakit Dr Mintohardjo,HOSPITAL,-6.2108675,106.8108281,Buka 24 Jam,
0fe2ec71-2c5c-4840-96b2-556414dce1d8,Pos Polisi Rawa Bening,POLICE_STATION,-6.2156016,106.8698729,Buka 24 Jam,
7ab34560-df28-476c-ad53-4770be4dbe62,RS Premier Jatinegara,HOSPITAL,-6.2216906,106.8688366,Buka 24 Jam,
bc2d60b6-c0ed-4c84-b7dd-7d9709d6423f,Rumah Sakit Umum Adhyaksa,HOSPITAL,-6.3078333,106.8927101,Buka 24 Jam,
f92a4610-45c4-4a36-ace4-cd57d771694b,SPBU 34.133.07,GAS_STATION,-6.2144152,106.8624295,Buka,
f886d0d6-272d-464c-aae0-a2cee83f4af0,Pos Polisi Kayu Putih,POLICE_STATION,-6.1847959,106.8908812,Buka 24 Jam,
24f249a1-13a0-4435-ad8c-f7e7a01f7c15,Rumah Sakit Omni,HOSPITAL,-6.1803165,106.883958,Buka 24 Jam,
c74f75f5-3985-4b87-9b4e-8d62680b6d26,Rumah Sakit Kartika Pulo Mas,HOSPITAL,-6.1759621,106.884906,Buka 24 Jam,
a4234d04-757a-4d57-951e-b4886352530c,Rumah Sakit Islam Jiwa Jakarta,HOSPITAL,-6.221861,106.9330896,Buka 24 Jam,
1b1f23d8-9287-4ca5-8d4c-acfd442281ac,Polres Metropolitan Jakarta Timur,POLICE_STATION,-6.214555,106.8629234,Buka 24 Jam,
a73523d8-e823-4d4b-9bc8-7876e4ba84bc,Pos Polisi Cipinang Melayu,POLICE_STATION,-6.2470657,106.9066132,Buka 24 Jam,
f5d1719f-4caa-4d17-a14e-b4dff54c0a53,Pos Polisi,POLICE_STATION,-6.2160103,106.922597,Buka 24 Jam,
7cf176fc-9c46-43ee-8817-2c27813d9802,Polisi Subsektor Cililitan,POLICE_STATION,-6.2635328,106.8661342,Buka 24 Jam,
0af8cae6-6a6d-43dd-a4a3-78a15b55b01d,Rumah Sakit Ibu dan Anak Restu Kasih,HOSPITAL,-6.2650891,106.8664545,Buka 24 Jam,
249fed44-264f-4ce9-b6c8-d0db333e78f0,RSUD Duren Sawit : Instalasi Kedaruratan Emosi dan Perilaku,HOSPITAL,-6.2311393,106.9086019,Buka 24 Jam,
9aa7dbef-e53a-41ff-beee-0f7ceb084fa6,POL SUBSEKTOR Cipinang Indah,POLICE_STATION,-6.2374054,106.8928202,Buka 24 Jam,
27c258b1-3a10-4592-8ac6-63f05185ba01,POL SUBSEKTOR Pondok Kopi,POLICE_STATION,-6.2204499,106.9413688,Buka 24 Jam,
40ebd650-bd9e-47e1-930f-416b468e06a9,SPBU Perintis Kemerdekaan,GAS_STATION,-6.1735769,106.8909013,Buka,
f8e76b8e-650c-4987-9ea9-539caef2f417,Polsek Cakung,POLICE_STATION,-6.1844248,106.9406076,Buka 24 Jam,
61e140aa-7c6e-47d7-8b47-afe970012137,Pos Polisi Bandara,POLICE_STATION,-6.2632498,106.8866678,Buka 24 Jam,
51d0ffca-fa5e-460a-9ed7-539b155b6b11,Polsek Penjaringan,POLICE_STATION,-6.1248479,106.8008844,Buka 24 Jam,
3f88e4cb-c8e2-4db7-bb35-55b7f517f2fc,Polri Sektor Palmerah Polsubsektor Jati Pulo,POLICE_STATION,-6.1742278,106.8048222,Buka 24 Jam,
04baaaed-ac40-4209-b921-03bb3a92d696,Polsek Metro Tamnsari,POLICE_STATION,-6.1451853,106.8166428,Buka 24 Jam,
65958020-7200-4ca2-bda8-90f6aa7b8e40,Rumah Sakit Umum Taman Sari,HOSPITAL,-6.1437715,106.8192284,Buka 24 Jam,
4b4687f0-c4ef-46cc-bb94-b7cabec09605,Pos Polisi Taman Fatahillah,POLICE_STATION,-6.1335551,106.8137302,Buka 24 Jam,
32232ee3-404f-4df6-8392-2f248e35f393,Rumah Sakit Ibu dan Anak Aries,HOSPITAL,-6.1576321,106.8099989,Buka 24 Jam,
eccf6e1c-d917-4f7a-99ef-5ce6ab635790,Rumah Sakit Pelni Petamburan,HOSPITAL,-6.1932311,106.8037259,Buka 24 Jam,
4f3aeef5-4aea-4266-91d4-97393876e49d,RS Bhakti Mulia,HOSPITAL,-6.1995786,106.8006181,Buka 24 Jam,
05d633c6-b603-4fdd-a4de-9f0f50fb177d,Kantor Pos Polisi Penggilingan,POLICE_STATION,-6.2033288,106.9325223,Buka 24 Jam,
2d574e51-2f43-4403-a9d2-59f05e3f4682,Rumah Sakit Ibu dan Anak Resti Mulya,HOSPITAL,-6.2087559,106.941783,Buka 24 Jam,
113d3679-281d-43ce-a0af-825e9ea07616,RSUD Mampang Prapatan,HOSPITAL,-6.2404906,106.8270049,Buka 24 Jam,
7e173d71-c9bb-46c3-b3cb-bac23583fd1b,Markas Besar Kepolisian Negara RI,POLICE_STATION,-6.2439345,106.855072,Buka 24 Jam,
6c442a69-9b34-4608-91e9-33cad6bbeb5d,Pos Polisi Senopati,POLICE_STATION,-6.2333955,106.8127927,Buka 24 Jam,
718e6fde-52e1-4ae7-9c4f-7d58b4bc585f,Rumah Sakit Khusus Bedah Halimun,HOSPITAL,-6.2062282,106.8340331,Buka 24 Jam,
95176c3e-ac10-4c86-aa9f-752824e37d4d,Pos Polisi Bukit Duri,POLICE_STATION,-6.2167269,106.8628062,Buka 24 Jam,
ae673531-69a0-41ff-80be-fd65bc51de98,Rumah Bersalin Budi Kemuliaan,HOSPITAL,-6.2103297,106.8351386,Buka 24 Jam,
4cb93806-b143-4381-b8a7-9f36373df23d,Polsek Tebet,POLICE_STATION,-6.2313189,106.8464301,Buka 24 Jam,
377f68d4-e9d2-41a2-a39a-d7cbf6a45990,Rumah Sakit Umum Kecamatan Tebet,HOSPITAL,-6.2316306,106.8466818,Buka 24 Jam,
32ff058f-4c18-44da-ae96-a1fcfaddd1eb,POSPOL TMP kalibata,POLICE_STATION,-6.2533798,106.8472398,Buka 24 Jam,
65fc32b9-6a45-41d8-9e27-3ba406f545e5,Polsek Pasar Minggu,POLICE_STATION,-6.2857923,106.8420923,Buka 24 Jam,
1b0ae775-5de7-4d5a-b8c0-e070b577e207,Polsek Matraman,POLICE_STATION,-6.1993568,106.8544251,Buka 24 Jam,
d2b5794c-1568-4c07-b265-26a016fd4eef,Rumah Sakit Rawamangun,HOSPITAL,-6.1963359,106.8854695,Buka 24 Jam,
53961d48-854a-4673-85d5-cef6ecd9b50d,Rumah Sakit Mayapada Kuningan,HOSPITAL,-6.2185187,106.8318722,Buka 24 Jam,
8d2803a3-5a23-4720-b6da-356c3be59d7d,Polres Metro Bekasi Sektor Jati Asih,POLICE_STATION,-6.2934419,106.9597032,Buka 24 Jam,
b41e6327-8eda-4464-b3f4-68e50e0805e8,Pertamina,GAS_STATION,-6.1266075,106.8034675,Buka,
38f5a237-cfb1-46b9-ae92-34a19f1be1fb,SPBU 31.107.01,GAS_STATION,-6.1492294,106.8384995,Buka,
e1f9e180-ffd5-48f0-845b-503c6e2b370a,Polsek Kawasan Muara Baru,POLICE_STATION,-6.1087328,106.8020384,Buka 24 Jam,
b67e118b-4125-45b6-8093-9d14da272502,Polsubsektor Ancol,POLICE_STATION,-6.1270294,106.843273,Buka 24 Jam,
1ddb66bd-7e5f-4850-a116-c8efe07dd1ab,Rumah Sakit Tria Dipa,HOSPITAL,-6.2508431,106.8419704,Buka 24 Jam,+62217993058
102ee209-6746-465e-aee1-0d560505debb,RS Mitra Keluarga Bekasi Timur,HOSPITAL,-6.2605573,107.0133208,Buka 24 Jam,+622189999222
db426052-9e5f-4aab-8636-583306bccfbe,RSUD dr. Chasbullah Abdul Majid Kota Bekasi,HOSPITAL,-6.24216,107.0015524,Buka 24 Jam,
6c287956-c1cf-412f-b3fb-c1d7e2630d54,Primaya Hospital,HOSPITAL,-6.2475249,106.9839607,Buka 24 Jam,
071f77fc-4ed2-4577-8221-dbcc9ecbff63,SPBU VIVO Jatibening,GAS_STATION,-6.2652482,106.9504496,Buka,
d0cb8848-14c8-4875-af20-997eb7c0dbee,POLSUBSEKTOR Kalibata,POLICE_STATION,-6.2553978,106.8453236,Buka 24 Jam,
514bc69e-08da-40ff-9058-27e53d886430,Gas Station Terdekat,GAS_STATION,-6.2337414,106.9656739,Buka,
6c097442-41bc-464b-95b0-79c38d6c6823,Pos Polisi RW 05,POLICE_STATION,-6.2537918,106.8512161,Buka 24 Jam,
78545e23-6ca6-43df-9b6c-c88a4a7016c4,RSU Kecamatan Cilincing,HOSPITAL,-6.1129911,106.926417,Buka 24 Jam,
2b8589e9-a246-4485-bd20-4db700eba8f7,Rumah Sakit Mekarsari,HOSPITAL,-6.2329764,107.0105954,Buka 24 Jam,
7ac77013-269c-4ad5-ae4d-6fd57580b817,Pertamina,GAS_STATION,-6.2421125,107.0150062,Buka,
f887e4af-d696-4526-9f49-45bf1e971848,Pertamina 34-17135,GAS_STATION,-6.2357182,107.0073898,Buka,
e6ae62eb-840d-46b0-b0cc-13669b14636d,SPBU 34-17106,GAS_STATION,-6.2380156,107.0009924,Buka 24 Jam,+62 21 884 2821
781cd637-4830-41f2-8870-a00350267997,Pertamina,GAS_STATION,-6.2498179,107.0000144,Buka,+62 8835 4533
b9ffa11c-aebe-4abe-8f71-d8cc38de69fb,Pos Polisi Pasar Ikan,POLICE_STATION,-6.1272027,106.808984,Buka 24 Jam,
db035f74-0ef4-431e-baec-e010d2d32950,SPBU 34-17124,GAS_STATION,-6.2611408,107.0007425,Buka,
26526550-f304-4a73-a8f4-7fe657c42dcc,SPBU 34-17126,GAS_STATION,-6.269459,107.0428504,Buka,+62 21 7917 3000
3858a364-603c-4d9e-94ba-aa7f4a55ef5f,Rumah Sakit Umum & Pekerja,HOSPITAL,-6.1455012,106.923865,Buka 24 Jam,+62 21 2948 4848
b5bcb206-8814-4b83-ae17-1b264dc58d71,SPBU 34-12806,GAS_STATION,-6.2384592,106.8442488,Buka 24 Jam,
65ab0c8c-71a9-4641-a8ac-01963406be1b,Pertamina,GAS_STATION,-6.253108,107.0232175,Buka,+62 882 3686
4d3e002b-857f-48bb-b60e-93afe41f7e87,Pertamina,GAS_STATION,-6.2581591,106.9940432,Buka 24 Jam,
26a6b51f-ad60-41f7-84f4-cbdd95b99e19,Shell Ahmad Yani-1 BKS,GAS_STATION,-6.2485694,106.9927278,Buka,+62218844870
c7bc8599-32cf-49a8-9587-fc027dec379c,Shell,GAS_STATION,-6.3287653,107.1290361,Buka 24 Jam,+62 21 8990 6770
e86816fd-34fd-4de3-8c2c-2b3d084a0259,SPBU Pertamina 31.171.01,GAS_STATION,-6.2509672,106.9921626,Buka 24 Jam,
31b16976-a7e5-4242-a2b9-46cab54d178e,SPBU 34-17541,GAS_STATION,-6.2761302,107.0620363,Buka,
0a570405-6e2c-4c01-9d27-289b2dd9de46,Pertamina,GAS_STATION,-6.292511,107.0794058,Buka,+62 21 898 1044
2d642acf-41ec-43ab-badf-a8cc9c6ab7ff,Pertamina,GAS_STATION,-6.3301687,107.1297291,Buka,+62 21 8990 8037
2319dc37-9089-407d-a5f0-5bab21a67472,Pertamina,GAS_STATION,-6.2591285,107.0145247,Buka 24 Jam,
65eaeb7c-3fdd-4334-9ffd-9edffb7b7b82,SPBU 34-17114,GAS_STATION,-6.2619223,106.9987383,Buka 24 Jam,+62 821 4142
a8599149-a5ed-46ea-a468-cdca21d80874,SPBU 34-17102,GAS_STATION,-6.2606184,106.9952648,Buka,
60b9479c-3c4c-4f4c-8ec4-4105e5c5258f,Pertamina,GAS_STATION,-6.256913,106.9884226,Buka,
a5dd5910-83c1-4213-9daa-6bdf38e3552f,SPBU,GAS_STATION,-6.2860023,107.1589882,Buka,
abedd888-d1c6-472b-bf58-596576218c66,SPBU,GAS_STATION,-6.2769466,107.2753259,Buka,
8e561bdb-2c72-43cc-9fd8-0ef26a1926a0,Kantor Polisi Tamansari,POLICE_STATION,-6.1509712,106.8232199,Buka 24 Jam,
24e548e9-1139-4958-a058-20c514cf941b,Polsek Bekasi Selatan,POLICE_STATION,-6.2672356,106.9753369,Buka 24 Jam,
00b2157a-d657-4572-8c93-12aa3a92185a,Pertamina 34-17105,GAS_STATION,-6.2789544,106.9728138,Buka,
44cee56e-bbc0-4463-8840-134113e533d6,Pertamina 34.174.17,GAS_STATION,-6.2874806,106.9683299,Buka,
46e6408c-1c1f-4833-9285-2c2271dff094,Pertamina 34 171 43,GAS_STATION,-6.2593391,106.9592399,Buka,
2a0445d1-87ce-41dd-a9f0-181c689f85a2,Pertamina 34.17145,GAS_STATION,-6.2707806,106.9936983,Buka 24 Jam,
d6f3b6dd-ba6d-493b-88dd-cfc97bb9e58f,SPBU,GAS_STATION,-6.2428374,107.0277401,Buka,
058d436e-7c73-466e-a2d6-4da72aab3d2e,Police Station Terdekat,POLICE_STATION,-6.0984115,106.9568792,Buka 24 Jam,
fb1d8efb-1947-4f1c-b0c9-bfeed31f2e3e,BP,GAS_STATION,-6.3041334,106.8434821,Buka,
f6c17fdd-060b-4330-afca-7b1ddd480190,Polsek Bantar Gebang,POLICE_STATION,-6.3135136,106.9867404,Buka 24 Jam,
922f7c88-e405-4679-950d-4b5013b2c8ef,Rumah Sakit Elisabeth,HOSPITAL,-6.2760904,106.9910962,Buka 24 Jam,
07b772f2-838f-4a1d-8239-221c0760969a,Rumah Sakit Rawalumbu,HOSPITAL,-6.2806855,106.9989585,Buka 24 Jam,
11a27097-6918-4479-9a62-791049be129c,Pertamina,GAS_STATION,-6.3485189,107.2058052,Buka,
84f8e637-b800-40dc-9103-0e0b98843a65,Pertamina,GAS_STATION,-6.3474474,107.2045382,Buka,
337c462e-10cb-4e16-8e22-c7121751fb99,Polsek Rawalumbu,POLICE_STATION,-6.2780098,106.9914773,Buka 24 Jam,
3659ed42-a571-4043-b1ab-b658fdf8187f,RS Jantung Jakarta,HOSPITAL,-6.2001801,106.8553878,Buka 24 Jam,
a14256d0-4c28-4d10-bba6-c1804a612d5a,Pertamina,GAS_STATION,-6.1353901,107.0559502,Buka,
3bbf42d7-6d46-4355-a0b8-74ba35cd933b,Pertamina,GAS_STATION,-6.1931408,106.8762007,Buka,
bbeeb6c0-2342-41af-9323-16a14a718886,Pol Sub Sektor Cempaka Mas,POLICE_STATION,-6.1659856,106.8782997,Buka 24 Jam,
6165fb0c-e155-4f6e-9a55-01b0e9778021,Pertamina,GAS_STATION,-6.2733512,106.8188454,Buka,
123f6e2b-e342-4158-b234-f98f7a7cd026,Pertamina,GAS_STATION,-6.2667961,106.8156886,Buka,
644986e0-1c6c-4a77-9a7c-f2b093da0cdf,Subdit Gakkum Ditlantas Polda Metro Jaya,POLICE_STATION,-6.2427798,106.8467989,Buka 24 Jam,
9c86b9fe-39ca-4b45-b94a-a2b927f461cf,RS Hermina Jatinegara,HOSPITAL,-6.2212375,106.8647139,Buka 24 Jam,
4cb37fa2-39f9-49f2-98af-4ad7928a9215,Bidakara Medical Center,HOSPITAL,-6.2401608,106.8411685,Buka 24 Jam,
56a11762-d2f3-4514-b204-d666b3d85ba1,Hospital Terdekat,HOSPITAL,-6.2942592,106.8825979,Buka 24 Jam,
f78ecaaf-c249-4e60-bedc-9a1009c080ae,Pertamina,GAS_STATION,-6.1981028,106.8548421,Buka,
fb80070b-3158-426c-bf52-1c85db7a1589,Pertamina,GAS_STATION,-6.2026135,106.857364,Buka,
e35c4ee5-5f0e-4511-a481-e19ce98fe2ac,Rumah Sakit Bedah Bina Estetika,HOSPITAL,-6.1991941,106.8375324,Buka 24 Jam,
1ec14fd2-0a79-42ec-b445-6db552535fc9,Rumah Sakit Mata JEC,HOSPITAL,-6.1986006,106.8368349,Buka 24 Jam,
0ef4887f-b5de-47a2-a67a-62ec81981812,POLSEK CABANGBUNGIN,POLICE_STATION,-6.0745035,107.1429952,Buka 24 Jam,
941436fb-99f4-4970-b51c-2419be871e9d,KORAMIL,POLICE_STATION,-6.074351,107.1429637,Buka 24 Jam,
28502cb6-fb67-4890-b36e-e6e172f04396,Pom Bensin Batu Jaya,GAS_STATION,-6.0716157,107.1566658,Buka,
26f2967c-d027-4eae-a607-1e14823920ca,SPBU 34.137.11,GAS_STATION,-6.3007049,106.8696779,Buka,
9b943fb0-0204-4d75-8720-e9f53182d5e8,Rumah Sakit Umum Al Fauzan,HOSPITAL,-6.2995986,106.8690857,Buka 24 Jam,
0a43d963-0a24-4163-b72c-2f5f8ec5fe4f,RSIA Tambak,HOSPITAL,-6.2063926,106.8484395,Buka 24 Jam,
ed4d5132-ddc7-4b8d-9c45-fde2020aa9a6,National Traffic Management Centre POLRI,POLICE_STATION,-6.2446395,106.8558321,Buka 24 Jam,
41cc487f-b90c-4a4f-86e0-7b7515eaca82,RS K,HOSPITAL,-6.2020346,106.8468714,Buka 24 Jam,
c217d6c7-548a-4021-a300-a7f51ed338bf,SPBU 34 13414,GAS_STATION,-6.2265168,106.8797333,Buka,
2b469735-1f95-4186-8673-8c5121572b27,SPBU 34.13420,GAS_STATION,-6.2389729,106.8883577,Buka,
23e63e8c-0675-4af5-b356-42aeac2d6185,Pertamina,GAS_STATION,-6.1923026,106.865025,Buka,
d26ed249-57ca-4811-8c79-6492c88e8fbb,Rumah Sakit Umum Daerah Budi Asih,HOSPITAL,-6.2558465,106.8630464,Buka 24 Jam,
7a9d22ba-d984-4d15-b440-f37b262f2c9b,SPBG PGN Pondok Ungu,GAS_STATION,-6.2009101,106.9755423,Buka,
bcd4b3e4-ae01-430a-af2b-1ccfadee460f,Polsubsektor Patrajasa,POLICE_STATION,-6.2319245,106.8349713,Buka 24 Jam,
3e2c1995-f69d-4733-ac0a-2debb5304582,Sub Sektor Gema Kuningan,POLICE_STATION,-6.2230648,106.8351029,Buka 24 Jam,
80b3ab7f-54b4-491d-9e91-623b723fcd5f,Kantor Polisi SubSektor Tebet Timur,POLICE_STATION,-6.2270943,106.8582007,Buka 24 Jam,
1aec31d0-b4af-45f0-99de-8860711f049b,SBPU 34-13602 Pertamina,GAS_STATION,-6.2521274,106.8646491,Buka,
16b5a66c-4018-4327-968e-f26f8aeb674e,Polsubsektor Mega Kuningan,POLICE_STATION,-6.2249244,106.8259367,Buka 24 Jam,
de2f78a8-c2bf-4f82-babd-0533e0a9b1f3,Polsek Cempaka Putih Barat,POLICE_STATION,-6.1845918,106.8707076,Buka 24 Jam,
250d94c4-fcee-4ba9-b2b9-54c72b9b7eff,Polsek Cempaka Putih Barat,POLICE_STATION,-6.184915,106.8707639,Buka 24 Jam,
44ad8b4d-e61e-4b0e-b3f8-7b7b567aea70,Pertamina,GAS_STATION,-6.1966512,106.874851,Buka,
6f76e609-6a3d-4866-8ea4-f433c81dc029,Rumah Sakit Siloam,HOSPITAL,-6.21909,106.8171913,Buka 24 Jam,
e537d1f7-151b-4166-ae16-ebc55592a88c,Rumah Sakit Ibu Dan Anak Brawijaya Duren Tiga,HOSPITAL,-6.253289,106.8411934,Buka 24 Jam,
01445064-7dfb-49e5-85aa-4e3e61eed152,RSU Bunda Jakarta,HOSPITAL,-6.1959654,106.8371674,Buka 24 Jam,+62 1 500 799
b8970b22-3095-4a7c-8160-a6be2373e5b7,Polsek Metropolitan Menteng,POLICE_STATION,-6.1964515,106.8382948,Buka 24 Jam,
f5b645cc-e65e-4432-a7e3-db2f32ddc4b7,Rumah Sakit YPK Mandiri,HOSPITAL,-6.1913149,106.8278537,Buka 24 Jam,
39d187d6-5675-4542-9c28-981bd36a196a,Rumah Sakit Abdi Waluyo,HOSPITAL,-6.1898132,106.8293587,Buka 24 Jam,
f695c50c-66bf-4587-b2e6-46bc24030c3c,RSUD Johar Baru,HOSPITAL,-6.1818294,106.8504636,Buka 24 Jam,
af3a100c-95d6-437f-81f2-71f1ca86074f,Resor Metropolitan Jakpus Sektor Cempaka Putih,POLICE_STATION,-6.1731269,106.8614641,Buka 24 Jam,
ed273402-6362-4f3b-b1b0-0fadcb0a5051,Rumah Sakit Menteng Mitra Afia,HOSPITAL,-6.1868538,106.8384083,Buka 24 Jam,
06132952-a450-4f6b-8c1f-130816552166,RSIA Sayyidah,HOSPITAL,-6.2302838,106.9253539,Buka 24 Jam,
6fb40125-4983-4da4-8cd7-f10f50f663f2,Pertamina,GAS_STATION,-6.176069,106.8677142,Buka,
04d0cd35-2149-4260-923f-ec396ef2656e,Rumah Sehat Sunda Kelapa,HOSPITAL,-6.2008329,106.8319244,Buka 24 Jam,
e892a58f-b297-4d91-ab74-b78f8bff6e4b,Kantor Polisi Sub. Sektor Menteng Dalam,POLICE_STATION,-6.2350739,106.8365378,Buka 24 Jam,
2ba5b87e-a6bb-4ce4-9c91-acdcf94844b1,Polsek Johar Baru,POLICE_STATION,-6.1834671,106.8496025,Buka 24 Jam,
d529e5c6-8310-4ea2-a190-edfb834cb3b3,Rumah Sakit Ibu dan Anak Budhi Jaya,HOSPITAL,-6.218954,106.8449439,Buka 24 Jam,
90071d69-53e3-4aa8-a6f9-1f3984d356b8,34.13201,GAS_STATION,-6.213745,106.8933192,Buka,
48cf17db-dc5d-4a22-8be1-31ba7b13a53e,Polsek Metro Mampang Prapatan,POLICE_STATION,-6.2406084,106.8266858,Buka 24 Jam,
c850dae9-d334-4811-9d20-a95741018b85,Pertamina,GAS_STATION,-6.2478348,106.8268616,Buka,
3e4e9322-e83f-4c48-817b-0eb03ba0bf06,Polsek Metropolitan Setiabudi,POLICE_STATION,-6.2112378,106.825946,Buka 24 Jam,
b9411647-7120-48ed-8e3c-6e850a723703,Rumah Sakit Tebet,HOSPITAL,-6.2425781,106.8501822,Buka 24 Jam,+6287872016439
7e6a6719-22e9-4ba5-8300-1e24149e4ec3,SPBU 34-12804,GAS_STATION,-6.2359091,106.8446464,Buka 24 Jam,
92b65c6f-705b-4f62-b0e6-c1c5934a5575,Polsek Cempaka Putih Subsektor Ahmad Yani,POLICE_STATION,-6.1835416,106.8752406,Buka 24 Jam,
fc2bd465-45f4-420d-ae23-f2e28dfda8bb,Kantor Polisi Sektor Manggarai,POLICE_STATION,-6.2089379,106.8455752,Buka 24 Jam,
12a6e82e-0f95-44fe-bd7d-5b59019dffa3,Rumah Sakit PGI CIKINI,HOSPITAL,-6.1913911,106.8418202,Buka 24 Jam,
a461ba93-670a-4d9d-b675-52429dbb2cad,Rumah Sakit Bersalin Elshama,HOSPITAL,-6.2817889,106.8715226,Buka 24 Jam,
a99e8cf8-d0f7-4d5c-a1ee-20b2479941db,Rumah Sakit Umum Pengayoman,HOSPITAL,-6.2155914,106.8837973,Buka 24 Jam,
da381ab5-ad9a-4e23-90db-fbf54962d109,Rumah Sakit Harapan Jayakarta,HOSPITAL,-6.1950006,106.9058521,Buka 24 Jam,
786d0f3d-1c35-4df1-8ee3-0fe4de829629,RS Hermina Kemayoran,HOSPITAL,-6.1542962,106.845645,Buka 24 Jam,
12529705-68dc-4da4-aebd-ff7f4df626a8,SPBU 34.127.01,GAS_STATION,-6.2615366,106.8289608,Buka,
85b5b815-e065-40aa-aff4-d5920803866c,Pertamina 34-13502,GAS_STATION,-6.2895079,106.8557552,Buka,
232e1544-7863-4f06-a011-1a001d9cc369,RSUD Matraman,HOSPITAL,-6.206244,106.8660168,Buka 24 Jam,
c0eae05d-650f-4d4d-826b-d619236c77d2,RSCM Unit Pelayanan Mata,HOSPITAL,-6.1974803,106.8446646,Buka 24 Jam,
c5579de5-df2b-4012-9a47-4f315e57b7bf,Rumah Sakit Umum Kramat Jati,HOSPITAL,-6.2868559,106.8623328,Buka 24 Jam,
a721a434-fe59-4655-9ce2-cb1ae1fbad71,Polisi Sektor Kramat Jati,POLICE_STATION,-6.2901011,106.8690841,Buka 24 Jam,+62 87798145
5ca35e10-8b84-4532-bcff-6ae2ed417344,Polsek Senen,POLICE_STATION,-6.1967404,106.8486569,Buka 24 Jam,
db08cf8d-e9c1-4d38-bd3b-c935c48c4b62,Kepolisian Negara RI Sektor Pancoran,POLICE_STATION,-6.2638772,106.830222,Buka 24 Jam,
854493b7-a8a2-4c58-85f2-6da1a7754bde,Rumah Sakit Jakarta Medical Center,HOSPITAL,-6.27138,106.8302149,Buka 24 Jam,
0028cc2a-4aef-4b47-a629-9730fcc62a7c,Polsub Sektor Kebon Sereh,POLICE_STATION,-6.2041716,106.873241,Buka 24 Jam,
8104e0fe-bc86-4e9a-8ec9-a353ff700780,Rumah Sakit Siloam ASRI,HOSPITAL,-6.2545615,106.8324121,Buka 24 Jam,
430d282a-9e9a-46cb-9681-ab7e2a3ae0cf,Kantor Polisi Subsektor Kebon Baru,POLICE_STATION,-6.242463,106.8622529,Buka 24 Jam,
328fe6c8-8b4e-4ca0-bc7b-f53e672eb07e,Rumah Sakit St. Carolus,HOSPITAL,-6.1955802,106.8515231,Buka 24 Jam,
c3fc2f1e-3c3a-4421-96d7-35fd66bd4214,RSKGM - FKG UI,HOSPITAL,-6.1943447,106.8486195,Buka 24 Jam,
b716119e-d2a6-48c2-81c5-ee549bc4d3aa,Rumah Sakit Cipto Mangunkusumo,HOSPITAL,-6.1971484,106.8471306,Buka 24 Jam,
5eb93ae6-5ece-445f-bb5a-8cc56f3205b3,Kantor Polisi Sektor Kampung Bali,POLICE_STATION,-6.186017,106.8183167,Buka 24 Jam,
e308fb33-5439-48bd-b8b9-019a5d8ff31f,Polsek Jalan Kopi,POLICE_STATION,-6.1370816,106.8094449,Buka 24 Jam,
83b3175c-ee1f-4d99-b759-16bbb44c4d55,Sektor Tambora Polsubsektor Jembatan Lima,POLICE_STATION,-6.1415618,106.8063601,Buka 24 Jam,
0e70426d-b538-4a9e-bd9d-b07034867ca7,Polsek Tambora Pol Sub Ketapang,POLICE_STATION,-6.160404,106.8126909,Buka 24 Jam,
7fa7ef10-79c0-4165-b441-bfa9666b7b32,Kantor Polisi Sektor Cikini,POLICE_STATION,-6.1919096,106.8386775,Buka 24 Jam,
43717778-acff-4d65-ba00-93d8de98fd6b,Polsek Metropolitan Gambir,POLICE_STATION,-6.1809023,106.8119334,Buka 24 Jam,
8a1ca006-6336-4d44-b706-f598118e7931,SPBU 34-13206,GAS_STATION,-6.1938056,106.8871639,Buka,
871adf9b-2d23-495a-9bb0-509ee61f0168,RSUD Tarakan,HOSPITAL,-6.1716313,106.8103422,Buka 24 Jam,+62 21 3503 003
5b31ef24-c21a-4d57-9afe-107722b3bdc7,Rumah Sakit Umum Kecamatan Tanah Abang,HOSPITAL,-6.1909714,106.8143546,Buka 24 Jam,
e12c0c63-dbe6-4172-a1f6-e3e54c69fd1c,Polsubsektor Pasar Tanah Abang,POLICE_STATION,-6.1900674,106.8129804,Buka 24 Jam,
417e9740-e552-42a7-a292-d4f8067f147c,Kantor Polisi Thamrin City,POLICE_STATION,-6.1967125,106.8159881,Buka 24 Jam,
a6e47b27-f914-443e-ac0f-c6c2967ed549,Pos Polantas Polsek Metro Tanah Abang,POLICE_STATION,-6.200736,106.8149675,Buka 24 Jam,
ca2e0cb2-578d-4609-82f8-59d8d6e32f69,Rumah Sakit Islam Jakarta,HOSPITAL,-6.1712857,106.8713153,Buka 24 Jam,
020dc880-b6b4-4ebe-a301-32ee7cd7a8ae,SPBU Metro Jaya,GAS_STATION,-6.2906123,106.8716901,Buka,
f9ebfd01-7d0b-4b81-9e3a-544def985faa,Polsek Metro Senen,POLICE_STATION,-6.1721563,106.843271,Buka 24 Jam,
e353a2b5-f805-4df8-b773-a0c73a52f6d3,Puskesmas Kecamatan Senen Kramat Baru,HOSPITAL,-6.1823339,106.8442279,Buka 24 Jam,
5c4634f4-29ff-419e-8586-635a64cae7b8,Polres Metro Jakarta Pusat,POLICE_STATION,-6.1870568,106.8462111,Buka 24 Jam,
fc193203-e86c-48b7-b283-8afd9152b959,Polsek Pulo Gadung,POLICE_STATION,-6.2103311,106.8909172,Buka 24 Jam,
fc3a15ff-dcb1-4755-94fa-956ece008c92,Rumah Sakit Kramat 128,HOSPITAL,-6.1855639,106.8440404,Buka 24 Jam,
d1d3f16e-151d-452c-a468-d9d68550bbe3,RSAB Harapan Kita,HOSPITAL,-6.1847331,106.7990603,Buka 24 Jam,+62 21 5684093
9bf39dd9-9bb5-4c50-aba9-31e21fff45f0,POLSUB Sektor Bendungan Jago,POLICE_STATION,-6.159577,106.8551351,Buka 24 Jam,
377ffe28-c55c-4505-bedd-5ea6fde61415,Rumah Sakit THT Bedah Prof. Nizar,HOSPITAL,-6.1712414,106.8154247,Buka 24 Jam,
11d85b18-bf26-4a50-9c42-6555f7a1b4b7,RS Khusus Mata SMECO Jakarta,HOSPITAL,-6.1927314,106.8827041,Buka 24 Jam,
9271b9dc-1a08-4cff-8345-de5fa96d83db,Polsek Makasar,POLICE_STATION,-6.291166,106.8845146,Buka 24 Jam,+622187782579
72e2e4c6-f119-458b-b751-eee333e3aa4b,Kepolisian Negara RI,POLICE_STATION,-6.196104,106.8042667,Buka 24 Jam,
58181104-2f83-44ba-9f7f-05561e4e3a71,Kepolisian Daerah Metro Jaya Direktorat Sabhara Unit Satwa K-9,POLICE_STATION,-6.1953322,106.8046446,Buka 24 Jam,
e4db8dc0-e9e4-4096-bf80-1450ea43a1ac,Sat Brimob Polda Metro Jaya,POLICE_STATION,-6.1953344,106.8035088,Buka 24 Jam,
f1498eb4-5c49-4d3d-9e57-f86f51cb2708,Polsek Palmerah Polsubsektor Petamburan,POLICE_STATION,-6.1977884,106.8035867,Buka 24 Jam,
f288adf9-0c40-4ad0-9c0e-5fab3eee32a6,SPBU 34-13209,GAS_STATION,-6.1925472,106.8824692,Buka,
846f95a1-2a38-44b3-9e85-6429da6437b4,Shell Pemuda-2 EAST JKT,GAS_STATION,-6.1926329,106.8818836,Buka,+622147884555
f7b65954-03c8-4d09-8c67-da1979f77256,Pol. Sub Sektor Lubang Buaya,POLICE_STATION,-6.2866709,106.905099,Buka 24 Jam,
a884f7fe-5a9a-4ec5-a27f-6791e4518717,Rumah Sakit Mata Primasana,HOSPITAL,-6.1142804,106.8897867,Buka 24 Jam,
ad1f69fb-e130-48a2-9e7c-3c16d8a98ff1,SPB Dinas Mabes POLRI,GAS_STATION,-6.2381474,106.8008409,Buka,
133bd201-f9eb-47c9-8ab8-948da777b4c7,SPBT 32-12402,GAS_STATION,-6.1556972,106.8867853,Buka,
a993026a-9250-4704-85bc-68feffb054c7,"Klinik Kandungan Adinaya by dr. Widi, SpOG",HOSPITAL,-6.3469665,106.8947314,Buka 24 Jam,+62218453334
d47cf35c-d8f2-4da2-b533-ad50260d2b3f,Polsub Sektor Kota Baru,POLICE_STATION,-6.1571077,106.8453535,Buka 24 Jam,
4b57f46b-d236-4420-af69-bba883301f7c,Pertamina,GAS_STATION,-6.2856332,106.8551993,Buka,
c62be80d-f31b-44e0-88ff-f4ef0b549cae,Rumah Sakit Ketergantungan Obat (RSKO) Jakarta,HOSPITAL,-6.3469069,106.8724458,Buka 24 Jam,
20dd6a06-0b3e-4715-8feb-57e1e26ffc27,RSUD Ciracas,HOSPITAL,-6.345676,106.8738909,Buka 24 Jam,
b622ff31-45fd-4cfd-b860-6cfbbdb64ac0,Pertamina,GAS_STATION,-6.2211238,106.9646148,Buka,
23426905-b081-407a-9317-57fe3060a194,RS Ridhoka Salma,HOSPITAL,-6.2693374,107.1211273,Buka 24 Jam,
e238da7a-9e9b-4fc0-ac7f-e8451f4367ad,Rumah Sakit Moh. Ridwan Meuraksa,HOSPITAL,-6.2944252,106.8827153,Buka 24 Jam,
85abccc4-cb0e-4ee3-9553-15f886474331,RS Bersalin Rosa Kartika,HOSPITAL,-6.3278755,106.822765,Buka 24 Jam,
adcf24c0-e3ec-490a-9abb-7649058420f9,RS Permata Keluarga,HOSPITAL,-6.3313375,107.1434777,Buka 24 Jam,
f8f6536d-7e2d-473f-a5a3-0e42147cb17f,RSPAD Gatot Soebroto,HOSPITAL,-6.1766671,106.8371519,Buka 24 Jam,+62 21 3441008; +62 21 3840702
f270d127-d9e5-471e-bfa4-2d7ade9dfc1f,Pol Subsektor Kelapa Dua Wetan,POLICE_STATION,-6.3296971,106.8864506,Buka 24 Jam,
440dad24-507c-45f9-a72a-6b378a909670,RSUD Kecamatan Kemayoran,HOSPITAL,-6.1566769,106.8637808,Buka 24 Jam,
4558e168-0d54-4674-94bf-182597a8e424,SPBU 34-10506,GAS_STATION,-6.175109,106.8523212,Buka,
8331f549-098a-4377-af1b-55cc97d09b8a,Pertamina 34-17139,GAS_STATION,-6.2214344,107.0181711,Buka,
473bfb7a-bc74-472f-abc6-a9474e0d5825,Rumah Sakit Seto Hasbadi,HOSPITAL,-6.2020325,106.9888393,Buka 24 Jam,
8d050cb3-e1d9-4d46-95a5-75ac7dae8e3d,SPBU 34-13911,GAS_STATION,-6.2031039,106.9469667,Buka,
0a57ce4b-e1c7-4173-a28d-ebcd4eac5173,Pertamina 34-17148,GAS_STATION,-6.1892753,107.0066819,Buka,
e96aa86a-aad2-42af-8e75-901d11872792,Pertamina,GAS_STATION,-6.1604828,106.8352279,Buka,
f4ff9537-7f3c-4f52-bf03-7451e4e4e890,Gas Station Terdekat,GAS_STATION,-6.2871548,106.8259317,Buka,
63c65c39-38a2-49e0-a660-847c6467f05e,RSUD Jati Padang,HOSPITAL,-6.2854869,106.8423285,Buka 24 Jam,+622122784447
fde3fe14-5963-4ea1-939e-eee1f7c2bc67,34.10701,GAS_STATION,-6.1616693,106.8259837,Buka,
94d80c30-843e-48db-adbb-17c3830a8a12,Gas Station Terdekat,GAS_STATION,-6.1931612,106.971581,Buka,
4e11eeb7-46d5-43c0-a081-c5265bd55564,RS Ananda Tambun Selatan,HOSPITAL,-6.27143,107.0262438,Buka 24 Jam,
9eae1e69-aeca-41c2-9e89-ab00e0a647f1,Pertamina 34.13.603,GAS_STATION,-6.2519157,106.9088874,Buka,
b0a2e66e-1384-491d-94a5-954f004f7605,Shell Jatiwaringin-1 East JKT,GAS_STATION,-6.2482662,106.9073924,Buka,+622186615995
09ff7911-8470-4341-9ddc-eb406748409d,34.10101,GAS_STATION,-6.1607364,106.8155931,Buka,
9780c1d6-337a-47cb-bb0a-3a96e7bd16c2,Koban Jatimulya,POLICE_STATION,-6.2668631,107.0187073,Buka 24 Jam,
a3be6752-f79a-4a61-a8a9-bee8fe44ed44,Pommini,GAS_STATION,-6.2688684,106.8775167,Buka,
b09d0dc0-cbd7-4c1f-b607-46f1422d5484,Pertamina 34. 136.05,GAS_STATION,-6.251464,106.8810481,Buka,
b5585db7-36fb-4b54-874e-8423167cd13c,SPBU Pertamina 34-13801,GAS_STATION,-6.2912673,106.8883788,Buka 24 Jam,
a6364049-03bb-4a36-9798-46f9f065668f,Pertamina,GAS_STATION,-6.2753222,106.912987,Buka,
170f76e6-6ea5-4920-ae5c-6a7df24b905e,Polisi SubSektor Cipete Selatan,POLICE_STATION,-6.2792188,106.8069372,Buka 24 Jam,
c9699e66-837e-4d46-bcd6-95e68a4f0a23,Pos Polisi Jatiwaringin,POLICE_STATION,-6.258624,106.9103966,Buka 24 Jam,
d6c3d90a-2bee-4974-8c1e-4c8f0dcfdded,Pertamina,GAS_STATION,-6.2472104,106.9114225,Buka,
17df148b-7486-4f77-a161-6a1e8621501a,SPBU 34-13903,GAS_STATION,-6.2045134,106.9348344,Buka,
5ae43866-0b56-4e75-9d7f-529175b6d1b5,Pertamina,GAS_STATION,-6.1482453,106.8308937,Buka,
ee490fe2-dffa-49ca-b479-813ec3ab3428,Pertamina 34.175.32,GAS_STATION,-6.1760996,107.1781579,Buka,
e159d912-4cf7-4378-b48a-83ede522d1d5,SPBU 34.106.03,GAS_STATION,-6.1502112,106.8353472,Buka,
45233018-ccae-4213-b160-0b17d99dc0eb,RS Islam Jakarta Pondok Kopi,HOSPITAL,-6.2202593,106.9401576,Buka 24 Jam,+62 21 29809000
c0029cc3-88b1-4ce7-845d-1458e52f445a,RS Ibu dan Anak Andhika,HOSPITAL,-6.3442499,106.8143056,Buka 24 Jam,
bc2c0379-793c-4923-abcd-a3614e7345ef,Graha Bhayangkara,POLICE_STATION,-6.3348155,106.8725156,Buka 24 Jam,
0065839e-d40f-4512-92ac-471a12bf962f,SPBU 31.139.01,GAS_STATION,-6.182092,106.9343105,Buka,
343d0a02-b02d-4d07-980e-6bc0cb3cfa39,Rumah Sakit Umum Kecamatan Jagakarsa,HOSPITAL,-6.3161814,106.811358,Buka 24 Jam,
338cbe9b-4045-4d9b-904e-5c67704b14bf,RS Aulia,HOSPITAL,-6.3345587,106.8271626,Buka 24 Jam,
be1b5f27-b0e3-4eb5-87a1-f5caa94ff0cf,RSIA SamMarie Basra,HOSPITAL,-6.2292129,106.8973049,Buka 24 Jam,
5179fa87-0228-437a-8fb5-e66ccc1ac22d,Polisi Sub Sektor Cipayung,POLICE_STATION,-6.3143745,106.8941282,Buka 24 Jam,
5680bfaf-566b-4c08-a1bb-9059eb8c24a3,RSIA Bunda Aliyah,HOSPITAL,-6.2332796,106.8971964,Buka 24 Jam,+62 21 86602525
3f291a08-9623-4422-990e-4d89f6c588b9,RSIA Kemang,HOSPITAL,-6.2861605,106.8192964,Buka 24 Jam,
0b7203fd-b103-44f2-9504-b56defaa9860,SPBU 34-13418,GAS_STATION,-6.2463667,106.9426074,Buka,
4ec01a3e-17ad-4387-bb9f-767330bcbdf9,Rumah Sakit Ibu Anak dr. Euis,HOSPITAL,-6.2454991,106.9428319,Buka 24 Jam,
0f26abbe-a5b4-4c5a-b81e-21a67974e19c,Pertamina,GAS_STATION,-6.2958405,106.8252148,Buka,
63366cbd-2fb2-4c13-984e-9f8b32599460,Gas Station Terdekat,GAS_STATION,-6.2383953,106.8990839,Buka,
547860d7-050e-4c5e-bbb3-a1d43f5dbf93,Pertamina,GAS_STATION,-6.3026525,106.8584041,Buka,
25531157-4360-4628-a35e-032418ec275b,Rumah Sakit Husada,HOSPITAL,-6.1463661,106.8291005,Buka 24 Jam,
e5426c21-db60-4ee0-81f2-6b238bee3b56,SPBU 34-13804,GAS_STATION,-6.3089371,106.8689931,Buka,
25e57d1b-df86-4557-8e93-ce16ca32137e,Pertamina,GAS_STATION,-6.292546,106.8115294,Buka,
00cb29dd-2737-4586-8301-c99908f83a32,Rumah Sakit Marinir Cilandak,HOSPITAL,-6.3048255,106.8104899,Buka 24 Jam,
543b03fe-fd60-4f84-ac7c-a423e04952ce,RS Ali Sibroh Malisi,HOSPITAL,-6.344684,106.8139234,Buka 24 Jam,
a20ad428-e719-48b0-9428-c1415e84a1d7,Rumah Sakit Jantung Binawaluya,HOSPITAL,-6.3079579,106.8708721,Buka 24 Jam,
f4d12ad3-14bd-45f8-b088-1f322f574369,Pertamina,GAS_STATION,-6.2811443,106.8192931,Buka,
1efe2128-76b2-4952-870c-2b45d72e63f1,Rumah Sakit Duren Sawit,HOSPITAL,-6.2318975,106.9094221,Buka 24 Jam,
6e9f4e74-cfbb-45d4-b439-91d46353643c,Kantor Kepolisian Sektor Duren Sawit,POLICE_STATION,-6.2474492,106.9174752,Buka 24 Jam,
16de5f72-1a6e-42be-99ee-897e3acebbe0,SPBU 34-13412,GAS_STATION,-6.2292865,106.8922996,Buka,
8c2673e1-4ff7-48a8-945e-9790752f33ab,SPBU 34-14209,GAS_STATION,-6.1343989,106.9161658,Buka,
078788c7-220d-4f72-b01f-d905903aef27,Polsek Ciracas,POLICE_STATION,-6.2902548,106.8718132,Buka 24 Jam,
b2351c3d-116b-4b3c-8b66-0dbcdadd3371,Rumah Sakit Harapan Bunda,HOSPITAL,-6.3030271,106.8680514,Buka 24 Jam,
f34226b9-14aa-442e-a7e7-a7a2f76d2d14,PolSubsektor Gedong Sektor Pasar Rebo,POLICE_STATION,-6.3051736,106.8653083,Buka 24 Jam,
ece02e58-62cc-41a6-8c30-640d13944428,Pertamina,GAS_STATION,-6.2974438,106.9220711,Buka,
76a35944-a719-47bb-a4fb-60b2d1758230,Rumah Sakit Port Medical Center,HOSPITAL,-6.1104012,106.8893894,Buka 24 Jam,+62 21 43902350; +62 21 43902351
8a674b10-5908-4e12-9c1a-c87209312ca6,SPBU 34-14103,GAS_STATION,-6.1312112,106.9147866,Buka,
5e74e978-3178-4c16-9560-5d5c26fcaab0,PMI Kota Jakarta Utara,HOSPITAL,-6.1317017,106.9144788,Buka 24 Jam,
b8c86ad0-a128-4da0-b4f8-eee2342c1cc1,Polsek Koja,POLICE_STATION,-6.1217787,106.9144213,Buka 24 Jam,
ffc49ad3-260d-4833-a2a1-76a3b976d8bd,RS Sanatorium Dharmawangsa,HOSPITAL,-6.2550316,106.8028009,Buka 24 Jam,
daa89f8a-2926-4a13-b15b-9380338bd0a7,RS Puri Medika,HOSPITAL,-6.1291989,106.8901851,Buka 24 Jam,
5c585f55-935a-4301-ab50-d3cc407361f6,RSIA SANTO YUSUF,HOSPITAL,-6.1171014,106.881699,Buka 24 Jam,
3cc5d195-db6b-4242-90b2-e9b599b479fc,Direktorat Lalu Lintas Satpas Wilayah Jakarta Utara Polda Metro Jaya,POLICE_STATION,-6.1134263,106.882068,Buka 24 Jam,
0952310b-4339-4e33-919a-70c8522e582e,Polsek Tanjung Priok Resor Metropolitan Jakarta Utara,POLICE_STATION,-6.1150812,106.8802232,Buka 24 Jam,
c7078e73-6aa6-4643-8288-f68439eeaec3,SPBU Pertamina 34-13802,GAS_STATION,-6.2896263,106.8965893,Buka 24 Jam,
201003bb-79bb-4d74-9c71-c36c249ea186,Resort Metro Jakarta Timur Sektor Pasar Rebo,POLICE_STATION,-6.3367064,106.8674448,Buka 24 Jam,
302144ac-de13-441e-9a35-c2b6ac7e7336,RS Khusus THT- Bedah Ciranjang,HOSPITAL,-6.2367123,106.811307,Buka 24 Jam,
8a4fb789-1627-4b7e-9a60-e24c0b1a516a,Rumah Sakit Ibu dan Anak Panti Nugraha,HOSPITAL,-6.2364834,106.8158619,Buka 24 Jam,
35ea4f0c-de7f-4a83-bfb0-57c4c919590e,Polres Metro Jakarta Utara,POLICE_STATION,-6.1167394,106.8938744,Buka 24 Jam,
4912b4bb-22b1-4966-8f64-d06ca6173796,RSIA Asih,HOSPITAL,-6.2479973,106.8009409,Buka 24 Jam,
561bf168-39d2-473b-b582-04d2cd558483,Komisi Kepolisisan Nasional,POLICE_STATION,-6.2434897,106.8068049,Buka 24 Jam,
18536a97-f989-4150-96c0-ee207b579e71,Rumah Sakit Antam Medika,HOSPITAL,-6.1926993,106.9026918,Buka 24 Jam,
d0ae2dfd-5419-45f8-bd5b-c9e2a834cdce,Rumah Sakit Umum Daerah (RSUD) Koja,HOSPITAL,-6.1089611,106.9000678,Buka 24 Jam,
cb400067-1e02-4c39-b797-a65816d62615,Polsek Pebayuran,POLICE_STATION,-6.21529,107.288384,Buka 24 Jam,
bcff230e-222b-4cf3-ad4f-7ecb8ec6779e,Polsek Pebayuran,POLICE_STATION,-6.215218,107.2882,Buka 24 Jam,
a4b08722-23ad-476e-b0c7-e9654dc61e50,Koramil 13 Pebayuran,POLICE_STATION,-6.2140243,107.2836696,Buka 24 Jam,
01a5941e-0bd2-4e66-9418-5632ea45756d,RSUD KECAMATAN TANJUNG PRIOK,HOSPITAL,-6.1161747,106.8889959,Buka 24 Jam,
0b5faa5f-b615-4a13-b1ef-431c97469dc2,Rumah Sakit Mulyasari,HOSPITAL,-6.1290827,106.9065008,Buka 24 Jam,
cc441613-59f2-4f75-88f6-e49db3069d3a,RSUD Tugu Koja Jakarta,HOSPITAL,-6.1274392,106.9071668,Buka 24 Jam,
abc2980e-8fef-4a1f-aede-3f072e805f6e,Pos Polisi Kebalen,POLICE_STATION,-6.2043662,107.0329089,Buka 24 Jam,
34503b39-22e4-4eb0-8ff0-f757f3de869a,Pom Bensin,GAS_STATION,-6.1901512,107.0183439,Buka,
849d29db-03cc-4e1f-a0c5-bf99f2ef15be,Pom Bensin Kebalen,GAS_STATION,-6.183146,107.0394756,Buka,
67b86b53-aef6-4986-9ab9-86d6062bedc5,Rumah Sakit Tiara,HOSPITAL,-6.1919373,107.0381883,Buka 24 Jam,
317bf897-d97c-4f8e-884d-f1b85e1a328c,SPBU 34-134-22,GAS_STATION,-6.2478387,106.9300199,Buka,
6ef2a224-1a5b-4a1c-a2ad-7c6c214c566d,Rumah Sakit Pelabuhan Jakarta,HOSPITAL,-6.125037,106.9177538,Buka 24 Jam,
b40ebd1c-4807-48f1-9f6d-f00426f55c79,Markas Besar Kepolisian Republik Indonesia,POLICE_STATION,-6.2388326,106.8023926,Buka 24 Jam,
c75c2b7e-c1fc-4dcf-a67c-64b001e12b36,SPBU 34-13406,GAS_STATION,-6.2337493,106.9459362,Buka,
e55ecb10-98dc-4c8f-83d8-f780cf439907,SPBU 34.14207,GAS_STATION,-6.128962,106.9079388,Buka 24 Jam,
9cb29533-2b6f-44c6-b4da-be1d765741fb,Polsub Sektor Pademangan Timur,POLICE_STATION,-6.1333382,106.8443529,Buka 24 Jam,
6fe4b8c6-ee03-4027-99e9-5da3d148e201,Pertamina,GAS_STATION,-6.2374223,106.9225981,Buka,
5fccb3fa-2003-4ab1-8aa0-bff23ae81005,SPBU 34-13419,GAS_STATION,-6.2419994,106.9203316,Buka,
f2aff0b6-9623-42c9-82d1-3a58b51e932b,Pos Taktis Polsek Pademangan,POLICE_STATION,-6.1389467,106.8474921,Buka 24 Jam,
f604b9e2-8ce0-4e8e-b4d7-0e59f9fe04a2,SPBU 34.14413,GAS_STATION,-6.1395268,106.8473036,Buka,
56faffbc-8404-4809-8281-2fc91c00293c,Polsek Kalibaru,POLICE_STATION,-6.1011674,106.9188295,Buka 24 Jam,
8a78be72-395c-4172-94a0-3e9da5a9182f,Polda Metro Jaya,POLICE_STATION,-6.2230949,106.8124232,Buka 24 Jam,
ae9b0e1a-c9f5-4a33-b399-e46430350fc8,BP,GAS_STATION,-6.1481123,106.8601777,Buka,
e1bb5806-a232-4795-be96-557b94429de3,Toko Obat,HOSPITAL,-6.1277509,106.8904896,Buka 24 Jam,
ab31b79e-f239-488c-b7f5-731b1cab082a,Polisi Subsektor Sunter Jaya,POLICE_STATION,-6.1542303,106.861361,Buka 24 Jam,
935ff45a-077c-4f6d-ad5a-a1391ecad99f,Polres Pelabuhan Tanjung Priok Sektor Kawasan Sunda Kelapa,POLICE_STATION,-6.1250091,106.8109903,Buka 24 Jam,
e2b8b1f0-6a56-43b2-93a3-ae4b979cfcf7,Polsek Pademangan,POLICE_STATION,-6.1322424,106.8370467,Buka 24 Jam,
5580bb6d-cf1e-4d48-af9a-2c8029a965a3,Rumah Sakit Umum Pademangan,HOSPITAL,-6.1328075,106.840291,Buka 24 Jam,
41e542ed-7c65-4317-beed-39f9e60638c5,Polsubsektor Pademangan Barat,POLICE_STATION,-6.1390865,106.8375945,Buka 24 Jam,
b70dcf4f-569f-4d6a-9f34-78088ba0ac97,Polisi Satuan Lalu Lintas Jakarta Utara,POLICE_STATION,-6.1373393,106.8335632,Buka 24 Jam,
a810ea2c-39be-4805-9c25-bd03406c0ce5,SPBU 34 12512,GAS_STATION,-6.2904815,106.8235293,Buka,
0f1d0861-17c4-4331-b80d-a9ce6247e454,Pertamina,GAS_STATION,-6.1255504,106.8013368,Buka,
3721b3f4-9095-4bb4-832d-78f1db97cd30,Rumah Sakit Islam Jakarta,HOSPITAL,-6.13979,106.9207828,Buka 24 Jam,
6aa82fa4-3643-4b1e-9f0a-fc58b6143af7,Rumah Sakit Firdaus,HOSPITAL,-6.1561392,106.9230698,Buka 24 Jam,+62 21 440011
80e0b25c-894d-4c39-81e1-a5cd662e48e6,Rumah Sakit Hermina Podomoro,HOSPITAL,-6.1455484,106.8613679,Buka 24 Jam,
94cb16c9-6ab5-4eb8-b052-397bcf3fc6f8,Rumah Sakit Royal Progress,HOSPITAL,-6.1394485,106.8654705,Buka 24 Jam,
0a8b2291-ab87-43e9-8de4-4ef8db2ea3b9,RSIA Brawijaya,HOSPITAL,-6.2578905,106.8075967,Buka 24 Jam,
38b0c081-4abd-4970-995b-5b96f0b6d388,Pertamina,GAS_STATION,-6.1341952,106.8345826,Buka,
2c4e5ef3-e317-4eae-87a6-958e254cb055,Kantor Polsubsektor Muara Baru,POLICE_STATION,-6.1208713,106.8039854,Buka 24 Jam,
471ce921-17b8-4375-83d5-b661c9e5d191,Subsektor SAC Nusantara,POLICE_STATION,-6.1346894,106.8700872,Buka 24 Jam,
d1eda366-cae8-400a-909f-c5c79db3277e,Polsubsektor Mangga Dua,POLICE_STATION,-6.133175,106.8222529,Buka 24 Jam,
c4ba0fc9-5cb9-4850-878d-b4223786aeb4,Shell Antasari-1 SOUTH JKT,GAS_STATION,-6.2564436,106.8083652,Buka,+62217253228
f4dc4410-53ca-486b-9a69-806a317d1bab,Polsubsektor Lodan,POLICE_STATION,-6.1301347,106.8170547,Buka 24 Jam,
e082f2bf-b834-4fdc-a8e7-46595a8fb359,Pol Subsektor Bintang Mas,POLICE_STATION,-6.1308012,106.8302584,Buka 24 Jam,
d20868f9-8cf9-44c5-8190-85469d8598b0,Pertamina,GAS_STATION,-6.3075626,106.8778764,Buka,
f74a669d-a255-4da2-bf5c-a75335759d82,Pertamina,GAS_STATION,-6.2622881,106.8085376,Buka,
bdf44e81-acdf-4166-a64a-315105949455,SPBU 34-1747,GAS_STATION,-6.26528,107.0087757,Buka,
0f77a404-9d5c-4d25-83a6-c25ca8e8fa4d,Pertamina,GAS_STATION,-6.2689165,107.0014355,Buka,
04a3759f-f85d-4d15-8d9a-844e129d11ac,Pertamina,GAS_STATION,-6.2679767,107.0167581,Buka,
e8bdbcf4-3b51-4c57-81fa-6e4442e78be2,Gas Station Terdekat,GAS_STATION,-6.1585526,106.9015527,Buka,
30ff2929-a067-4c1f-a0c3-40217ccdc9da,Pos Satpam,POLICE_STATION,-6.2855361,106.8326477,Buka 24 Jam,
97a8a643-1cb5-4d3b-af62-ab1f3e544dd6,Gudang Satpol PP Jakarta,POLICE_STATION,-6.1623499,106.930796,Buka 24 Jam,
be01d936-57b9-4637-b6a4-8a1638be3282,RS Siloam Sentosa,HOSPITAL,-6.2427358,107.0264925,Buka 24 Jam,
f9978095-a754-4884-9aaa-47486692cc28,RS Siloam Bekasi,HOSPITAL,-6.2425965,107.0260559,Buka 24 Jam,
b8a6e167-288d-4e4a-a28b-3c37ac4f6e66,Pertamina SP PDT Pondok Tengah,GAS_STATION,-6.0801799,107.0439093,Buka,
43bd0f74-a002-4087-bb18-0c10f176b2cd,meter pertagas (ep-bbwm-pertagas),GAS_STATION,-6.0828403,107.0453406,Buka,
86f16054-0e80-4e36-b74a-870c3eefbb3d,Pertamina,GAS_STATION,-6.2328646,106.8225815,Buka,
487b5fe0-c105-47ef-9725-9d4558be8a24,Rumah Sakit Umum Puspa Husada,HOSPITAL,-6.2767993,107.0197141,Buka 24 Jam,+62 21 82618978
e7192592-bb96-4a55-9a91-b0e3b1b425a5,Pertamina,GAS_STATION,-6.2860245,106.9228032,Buka,
50d17918-59d0-4588-8631-99bcdd73cd0e,Pertamina 34-17413,GAS_STATION,-6.2931113,106.9611656,Buka 24 Jam,
582587c6-5085-4eb9-ad08-a743b33b8061,Pertamina,GAS_STATION,-6.288445,106.9392584,Buka,
d4e8b5a5-8572-46f3-a5b9-b1f4a3e21e11,Pertamina,GAS_STATION,-6.3052006,106.9368699,Buka,
3b8a40dd-bf20-4abc-b678-1df927b2add6,Pertamina,GAS_STATION,-6.2865746,106.9513746,Buka,
6a009cd3-47c0-424f-9497-8b04fd7b3517,Pertamina,GAS_STATION,-6.3160715,107.1393456,Buka,
34043d96-4502-4c2e-aa6e-b1d9b945bf76,Pertamina,GAS_STATION,-6.2702546,106.9505951,Buka,
3a8efb30-5aa8-4cc7-88d7-526e15eeba49,Shell Jatibening-1 Bekasi,GAS_STATION,-6.2584509,106.949481,Buka,+622184975345
b11df092-7557-46b9-a301-7ca214921063,Pertamina,GAS_STATION,-6.249011,106.9596128,Buka,
cb2ee0bc-1212-4cdd-b33d-f41ef60f4447,RS Masmitra,HOSPITAL,-6.2819292,106.9301621,Buka 24 Jam,
46d43d01-8182-424d-b20a-ec4129785465,Pertamina,GAS_STATION,-6.3297398,106.9460029,Buka,
fdf7efdf-7ad2-4b47-81fb-1f173a66d2f4,SPBU 34-13403,GAS_STATION,-6.2384702,106.8992579,Buka,
40d80b8a-5296-425c-92cb-1cabffadbc62,Pertamina,GAS_STATION,-6.2427092,106.9020449,Buka,
1279142d-57e2-4757-8f5c-ce3ed2fa0baa,Shell Noer Ali-1 Bekasi,GAS_STATION,-6.2493887,106.9490449,Buka,+622186907716
28b1b02b-6caf-49cb-a1e2-29798f5b819b,SPBU 34.10502,GAS_STATION,-6.1729833,106.8618642,Buka,
0a15134a-c8ef-4cfb-aaa4-73683924b298,SPBU Pertamina 34-131505,GAS_STATION,-6.2808229,106.8719487,Buka,
144e30c0-429d-47a6-9833-ce532429afac,Pommini,GAS_STATION,-6.2720582,106.8770004,Buka,
a553f4c0-132e-4c59-a0b5-8c4e80e232fb,SPBU 34-14310,GAS_STATION,-6.1359093,106.8909642,Buka,
6db18b22-ce15-4cb8-8a07-b6a19e4b96a0,Pertamina 34-17115,GAS_STATION,-6.2744279,106.9352392,Buka,
18cd6079-b571-4b71-9f05-a2d6d72e3b37,Pertamina,GAS_STATION,-6.2704225,106.911666,Buka,
3f0300a2-9d3e-4599-95fb-6be2cd95b630,Pertamina,GAS_STATION,-6.2139951,106.9052941,Buka,
c5f12b48-6b57-4ae2-bd9c-4e01b47cbc20,Shell Cipinang-1 EAST JKT,GAS_STATION,-6.2152187,106.8796572,Buka,+622185914047
54513f6e-c432-4f6f-b6cf-ed6d9278d1ea,SPBU 34-14301,GAS_STATION,-6.1386293,106.86735,Buka 24 Jam,
50da1bac-d574-46e6-a535-8a0f6eb32e52,SPBU Pertamina 34-13506,GAS_STATION,-6.2853854,106.8794935,Buka 24 Jam,
882935e9-419d-4507-bebc-447343165175,Pertamina,GAS_STATION,-6.3068819,106.8755286,Buka,
6c994341-a60e-40f9-87ad-355ea8109534,SPBU 34-13202,GAS_STATION,-6.1796577,106.9033767,Buka,
591ffaab-31db-42dc-82f8-449aa5dd0999,Pertamina,GAS_STATION,-6.2064861,106.9231255,Buka,
145dbd07-13ac-46b1-a7e3-e1a283d8004f,Shell Sunter UT-1 NORTH JAKARTA,GAS_STATION,-6.1384035,106.878996,Buka,+622165831905
aa419040-2f20-4004-9df1-8a3d8232f387,Pertamini,GAS_STATION,-6.284304,106.8714672,Buka,
f72568c3-56c9-4e76-93b9-d9fc2056406a,SPBU 34-14307,GAS_STATION,-6.1466499,106.8857216,Buka,
05405ec2-c004-4904-8bc0-8af95d8c9f50,SPBU 34-14306,GAS_STATION,-6.1464211,106.8737344,Buka,
21bc3590-1abc-4b0c-aca9-3df99eba047f,SPBU Pertamina,GAS_STATION,-6.1600816,106.9744801,Buka,
0678f33b-5907-4d89-aad3-b50f351fcb7b,SPBU 34-14305,GAS_STATION,-6.1621054,106.8753396,Buka,
a1fc6d46-9c8b-49aa-968e-77073f74ed09,Shell Soepomo-1 SOUTH JKT,GAS_STATION,-6.2311585,106.8469707,Buka,+622183792578
b7a9c315-9e87-429c-a406-bdeeb5f22f65,SPBU 34.12901,GAS_STATION,-6.2130094,106.844366,Buka,
68213927-8151-406b-981f-5f67819b0b98,SPBU Kwitang,GAS_STATION,-6.1850116,106.8436021,Buka,
81835286-e89c-4fdb-9659-f590d9d2b9a8,SPBU SHELL,GAS_STATION,-6.1705766,106.8648312,Buka,
4644f746-3062-468c-9107-f026986819ec,SPBU 34.10605,GAS_STATION,-6.1740601,106.8536322,Buka,
9b423043-dec3-4ea9-b5a7-b74d9191998a,Gas Station Terdekat,GAS_STATION,-6.3396057,106.8898485,Buka,
e4367868-d815-4c01-96ea-65b2def3f17f,SPBU 34-13604 Pertamina,GAS_STATION,-6.2571362,106.8638155,Buka,
1fd83bc1-f343-4e91-9511-ac8df79a22fa,SPBU 3410301,GAS_STATION,-6.1914458,106.8282531,Buka,
b733826a-9b26-4d3a-a58a-f7d2b65183ce,Pertamina 33-142-01,GAS_STATION,-6.1485168,106.9167535,Buka,
eb1a17bc-60db-44bc-926f-2fcfd504d5cf,Pertamina,GAS_STATION,-6.2425808,106.8524768,Buka 24 Jam,
1c645ace-a991-4ac3-8a9c-6f3b06f8c807,Pertamina 34-14208,GAS_STATION,-6.145175,106.8950971,Buka,
241d2a1a-3915-41be-b5d5-436b2ebd3d7e,Pertamina 34-14210,GAS_STATION,-6.1469971,106.8967045,Buka,
a01f6bf6-cbcf-4bd2-87e6-918e04cc9e60,Pertamina,GAS_STATION,-6.23961,106.8263581,Buka,
865bf258-a861-4761-b915-164c9f4d27b8,SPBU 34 10201,GAS_STATION,-6.2025144,106.8062714,Buka,
bc10cadd-e4ae-4351-b9ef-0090a0784248,Pertamina,GAS_STATION,-6.3005974,106.8405896,Buka,
d873bfbe-1041-4625-9dd8-bdc0999ce274,Pertamina,GAS_STATION,-6.2717751,106.8380912,Buka,
b51edb1b-9296-4490-b392-29e5c030a6f2,Pertamina,GAS_STATION,-6.1666343,106.9152124,Buka,
086a7419-7a0e-4e72-9d77-9111ac923ec3,SPBU 34-12805,GAS_STATION,-6.2252262,106.8411737,Buka,
28681fa6-79f3-4662-ae25-bd7d7921bdff,34-14101,GAS_STATION,-6.1437872,106.9224316,Buka,
8b568c59-1fa8-47fd-a20f-f06a86f842db,Pertamina 34-14206,GAS_STATION,-6.152996,106.9163845,Buka,
6751a43d-2fa2-49e5-9fc3-2c20dd6323b0,SPBU Envogas 31.A.139.04,GAS_STATION,-6.190972,106.9064329,Buka,
033219bb-d2f4-4cce-8566-89bcfba8d30b,Pertamina,GAS_STATION,-6.1182753,106.9247363,Buka,
f232ab79-5b5b-4e59-9063-daed5dddc52f,Pertamina,GAS_STATION,-6.2285785,106.8338428,Buka,
9cb1f068-9265-44c8-95f1-7db94c2bf370,Pertamina,GAS_STATION,-6.2870969,106.8293188,Buka,
b35ebbef-bb66-419f-a73f-72e85bb293f1,Pertamina,GAS_STATION,-6.2915186,106.8118446,Buka,
2e965e9a-3b4e-4431-b16e-920208d556dc,Shell TB Simatupang-1 SOUTH JKT,GAS_STATION,-6.2929395,106.8000109,Buka,+622175901240
c0396757-9100-4a93-a033-c12f21e8ba57,Pertamina,GAS_STATION,-6.1303009,106.8056942,Buka,
08b8552e-4c91-426d-854b-7367e4a9cbce,Pertamina 31.103.03,GAS_STATION,-6.1960658,106.8404951,Buka,
6ec85232-e653-4e3b-b515-289e0e8b4a4d,Pertamina,GAS_STATION,-6.1408273,106.8271756,Buka,
e55099eb-d0ce-46fd-b0b3-8a5d5b6b8fa2,Pertamina,GAS_STATION,-6.1567085,106.8188965,Buka,
0b47251a-6097-4745-b127-74c6e64e8943,Pertamina,GAS_STATION,-6.3025236,106.8530387,Buka,
814b91b8-d495-4b21-972a-213715cac41f,Pertamina,GAS_STATION,-6.2402684,106.8204481,Buka,
4a7c28d8-24e9-4c7c-9333-408c4b97d42d,SPBG Jakprogas,GAS_STATION,-6.1709165,106.886565,Buka,
1f9d32e9-b01a-42e2-b220-42520c1214fc,Shell A. Gading-1 NORTH JKT,GAS_STATION,-6.1658948,106.9150137,Buka,+622129385329
cd09a126-9998-4b2c-b7f7-7f97a191fcea,Peteramina,GAS_STATION,-6.1785597,106.8181865,Buka,
a6d4d484-d6de-4dc3-9189-3dfdccb07e47,Pertamina,GAS_STATION,-6.1981704,106.8031036,Buka,
61d9fd1a-4bb5-43ef-9de1-b056bf8254d1,SPBU Pertamina 31.114.04,GAS_STATION,-6.1763909,106.8016765,Buka,
3477b07b-4067-4d35-90c6-2b50bdb50723,Pertamina 34-17117,GAS_STATION,-6.2089562,106.9774361,Buka,
5909be83-7ccf-4da2-ad4f-98b16bc62110,Pertamina 31.171.05,GAS_STATION,-6.2016857,106.9764999,Buka,
7094414f-1698-4d35-a457-8ab3729bf2e2,32-14201,GAS_STATION,-6.156662,106.8864486,Buka,
4a4bd471-6e4f-4ebe-ba65-c49e1312a2f2,Pertamina,GAS_STATION,-6.1752566,106.8482956,Buka,
2bb79d9a-dbba-4d51-ac95-f333deb1f984,SPBU VIVO Bekasi,GAS_STATION,-6.2313366,106.9872385,Buka,
63e65399-6833-4b1e-8a8a-f0f88252de4c,Pertamina,GAS_STATION,-6.233756,106.9943725,Buka,
a260f350-d970-4bbf-b8f8-70682582ce34,SPBU 34-13901,GAS_STATION,-6.2117548,106.8901968,Buka,
51ff5b57-6365-46fb-a923-e407a08e856e,Gas Station Terdekat,GAS_STATION,-6.2899516,107.2931054,Buka 24 Jam,
df35b5ab-6438-408f-b0af-8260e82b0b89,RSIA Anna Medika,HOSPITAL,-6.2227241,107.0221042,Buka 24 Jam,
ea81f8d6-34a5-4a16-a259-b09f8fc3a665,RSUD Kabupaten Bekasi,HOSPITAL,-6.2669456,107.0831568,Buka 24 Jam,
105c70f2-b403-4257-9319-e230e32c0923,Rumah Sakit Annisa Cikarang,HOSPITAL,-6.2731652,107.1742297,Buka 24 Jam,
71405d43-1591-4f5d-9fb3-4dee20589599,RSIA Restu Kasih,HOSPITAL,-6.2657071,106.8664712,Buka 24 Jam,
6baddeb0-023c-499e-8dc8-e5862a4796a4,RS Angkatan Udara Dr. Esnawan Antariksa,HOSPITAL,-6.2574869,106.8921946,Buka 24 Jam,
186c0e08-4c7c-471c-9e6f-331191d5d2af,Siloam Hospital,HOSPITAL,-6.2567063,107.0085295,Buka 24 Jam,
79f0030f-24f6-458d-b962-dcf32d4eb3f4,Rumah Sakit Hermina Grand Wisata,HOSPITAL,-6.2768949,107.0475552,Buka 24 Jam,
7a97da2b-a2c6-4e99-b695-48b0c4cf7702,RSIA Bunda Jakarta,HOSPITAL,-6.1961094,106.8363169,Buka 24 Jam,+62 1 500 799
aa845ba7-302a-4908-86b8-2b4532dee850,RS Haji,HOSPITAL,-6.2898379,106.8891747,Buka 24 Jam,
3ab7b7da-adb7-4490-a929-575886493893,Rumah Sakit EMC Pekayon,HOSPITAL,-6.2691639,106.9810682,Buka 24 Jam,+6221150789
9b59a68a-32c7-4dca-9bdb-233a83e9fc75,RS Mandaya,HOSPITAL,-6.3048166,107.2784726,Buka 24 Jam,
bb2a0ec0-d894-4bc4-8d1b-4758097945e0,RS Kartika Husada,HOSPITAL,-6.2947595,106.9634242,Buka 24 Jam,
52aa0ca1-6f2d-41a6-8f7a-c9a3d16c6003,RS. Cibitung Medika,HOSPITAL,-6.2532539,107.0866755,Buka 24 Jam,
885b4da1-2797-4e77-bde1-e91be622245d,RS Amanda Cikarang,HOSPITAL,-6.2619491,107.1468395,Buka 24 Jam,+62 21 8900 277
32030b8b-a5eb-4c11-a7f9-82b6c09713f1,RS Bhakti Kartini,HOSPITAL,-6.2480823,107.0015543,Buka 24 Jam,
d97ee222-1dd0-440c-8f2b-922903587eab,RS Dewi Sri Karawang,HOSPITAL,-6.3047123,107.297978,Buka 24 Jam,
c07efa27-a518-496a-81c7-fb96d91d428d,Rumah Sakit Ananda Bekasi,HOSPITAL,-6.2109922,106.9772157,Buka 24 Jam,
9bd13393-5c07-4a81-aba3-795a798e4cf3,RS Permata Bekasi,HOSPITAL,-6.2911547,107.0314225,Buka 24 Jam,
a6f77ccc-1cd0-403b-9090-73637e46c100,Husada,HOSPITAL,-6.1475417,106.829533,Buka 24 Jam,+62216260108
601fd747-ca04-4fed-ab6c-76b1d54ecac5,RS Siloam Bekasi Sepanjang Jaya,HOSPITAL,-6.2698557,106.9988737,Buka 24 Jam,+62 21 50901900
37df7051-d64c-40bb-af7b-c505c57656c0,RS Mitra Kemayoran,HOSPITAL,-6.152172,106.858545,Buka 24 Jam,
5e23cf32-21c3-4af9-94ce-e7971671a847,Rumah Sakit Columbia Asia,HOSPITAL,-6.1819789,106.8911924,Buka 24 Jam,
e2d49163-b096-4f8e-b4a4-63fda2eb0d19,Karya Medika Hospital,HOSPITAL,-6.2674055,107.1244166,Buka 24 Jam,+21 890 3003
a461ac54-8583-4cd2-b387-5307abc40036,Rumah Sakit Anna,HOSPITAL,-6.2747771,106.9766211,Buka 24 Jam,
dd3baedc-6a6f-4d9c-8ddc-b342baad6350,Siloam Hospitals Lippo Cikarang,HOSPITAL,-6.3314296,107.1350468,Buka 24 Jam,+62 21 29636999
dc34036e-b405-4563-9eeb-e2d4ce229b0c,RS EMC Cikarang,HOSPITAL,-6.3261687,107.1275205,Buka 24 Jam,+6221150789
39cac3dd-27b0-4ebf-9381-ec397efdb712,Ditpolair Baharkam,POLICE_STATION,-6.1128365,106.8704531,Buka 24 Jam,
184d434b-61f1-4414-bd18-743a6519c838,Ditpolair Polda Metro Jaya,POLICE_STATION,-6.098966,106.8771558,Buka 24 Jam,
b9aebd7b-c6b8-4898-8e4f-9346d5077cc5,Mitra Keluarga,HOSPITAL,-6.2923862,107.1510957,Buka 24 Jam,
55515145-2af5-450e-8886-2397d79e944c,Pertamina,GAS_STATION,-6.3264009,107.2924895,Buka,
d10d51a6-05a1-4fc6-9fa2-73ea00d02cfa,Pertamina,GAS_STATION,-6.2772364,107.0196271,Buka,
9a97b9d2-d4b9-4c6f-9a58-f83d6ece1ccc,Rumah Sakit Mediros,HOSPITAL,-6.1799536,106.9037271,Buka 24 Jam,
5ebdd417-0274-467c-9ec4-c4c8c1733883,Rumah Sakit Dharma Nugraha,HOSPITAL,-6.1959885,106.8864229,Buka 24 Jam,
4812262a-c06d-4ad6-96e9-02abc3dcd8d0,RSUD Pasar Minggu Jakarta,HOSPITAL,-6.293984,106.8198692,Buka 24 Jam,+62 21 29059999
7c311191-f92c-4f4c-9bb9-a65056cc9fad,Rumah Sakit Satya Negara,HOSPITAL,-6.1388802,106.8615384,Buka 24 Jam,
a7a3c659-cd3e-4cb9-bab3-4288756b2916,RS Siaga Raya,HOSPITAL,-6.2729042,106.8390949,Buka 24 Jam,
dc242129-eafa-4dc7-9cc6-0b92d7b85245,SPBU,GAS_STATION,-6.2923351,107.0035599,Buka,
a55736cf-2d46-403b-afe3-d2f16321865f,Rumah Sakit Pusat Otak Nasional Prof. Dr. dr. Mahar Mardjono Jakarta,HOSPITAL,-6.2463095,106.8696599,Buka 24 Jam,+62 (021)
9961518c-b35b-4409-86c1-15614e4c9d22,RS Yadika,HOSPITAL,-6.2372229,106.8991312,Buka 24 Jam,
573572fd-0035-4e2b-806f-b54bf53811d8,Polsubsektor Mutiara Gading,POLICE_STATION,-6.2790974,107.0271806,Buka 24 Jam,
a31ce354-cbb7-4101-8e5f-b7f800954511,Polsubsektor Pasar Tambun,POLICE_STATION,-6.2605654,107.0556919,Buka 24 Jam,
44482f30-e4f3-41ed-bd4b-bbc9f87c3b1f,RS Mitra Keluarga Bekasi,HOSPITAL,-6.2410275,106.9926014,Buka 24 Jam,
40ace6c2-5020-4b72-a98f-d27f3c3d4865,RS Agung,HOSPITAL,-6.2092589,106.8464069,Buka 24 Jam,
2b2c27d2-3088-4f29-970f-24a1ff43aacb,RS Bayukarta,HOSPITAL,-6.3033062,107.2920752,Buka 24 Jam,
bd9b4ee3-a004-44b3-96f1-49077968ddbb,RS Abdi Waluyo Physiotherapy,HOSPITAL,-6.1889142,106.8285946,Buka 24 Jam,
b7ac2c4b-5d23-43c6-a927-c2517538e454,Rumah Sakit Graha Juanda,HOSPITAL,-6.2522047,107.0297366,Buka 24 Jam,
00ea513b-0eec-41c1-8dea-3eda514b96ec,Pombensin Karang satria,GAS_STATION,-6.2134207,107.0337672,Buka,
e57345b0-71b8-49ba-badf-fb007fcba50a,RSU Kartika Husada Tambun,HOSPITAL,-6.2446993,107.0645069,Buka 24 Jam,
4e0677c2-0df5-47a3-b473-c730784e0665,Primaya Hospital Bekasi Utara,HOSPITAL,-6.2070006,107.0185444,Buka 24 Jam,
803a7a50-47d5-4012-921c-4c0695a746d7,Polres Metro Bekasi Kota,POLICE_STATION,-6.2299386,106.9918653,Buka 24 Jam,
b9b86d7a-aea4-4b00-9b48-36f649b5f091,RS Karya Medika II,HOSPITAL,-6.2644848,107.0673924,Buka 24 Jam,
430fed04-21aa-4323-934f-39eec981488f,RS Bhakti Husada,HOSPITAL,-6.2627188,107.1403939,Buka 24 Jam,
9780a2cc-55da-40d6-8c20-dd1177b9ff8c,Polsubsektor Kawasan Industri MM2100,POLICE_STATION,-6.302016,107.0932581,Buka 24 Jam,
b582e8e2-7229-4f92-b9a8-5cbadae08192,Pertamina 34.17518,GAS_STATION,-6.2917771,107.0312063,Buka,
f70e2544-c307-4b97-9ce9-7b791e12ec61,Pertamina SPBU 34-17538,GAS_STATION,-6.2794459,107.0402724,Buka,+62 8265 1324
fd3d8f90-ab4f-4646-992a-2abb1b9c1e3c,Shell,GAS_STATION,-6.2767703,107.0451247,Buka,+62 21 2908 8012
bf98d7cd-992b-4554-9514-ffd7c0a0a8ef,Pertamina,GAS_STATION,-6.2584714,106.926679,Buka,
f1735bf1-0476-4248-ab24-1c5601c8e16e,Pertamina,GAS_STATION,-6.2584418,106.9283869,Buka,
9a5b1157-fe36-4c23-afdd-ffa5770f93ed,Shell,GAS_STATION,-6.3300699,107.2968404,Buka,
83669f67-b749-4d0d-8efe-bfccb75fd780,RSIA Brawijaya Saharjo,HOSPITAL,-6.2245723,106.8480747,Buka 24 Jam,+62 150160;+62 21 39737890
68dcc51d-a1ff-4d16-9258-2e4d4d07640f,Kantor Sub Sektor Kranji,POLICE_STATION,-6.2254363,106.9706546,Buka 24 Jam,
c0208069-1597-435e-86ba-5de5ff73a56c,Kantor Subsektor Kranji,POLICE_STATION,-6.2255945,106.9705529,Buka 24 Jam,
b8339dd7-67b2-4add-8a01-3999896007ea,Gas Station Terdekat,GAS_STATION,-6.3209216,106.8361482,Buka,
d86625d9-1d76-4ffc-bae9-3102033be5ff,Pertamina 34-1714000,GAS_STATION,-6.203581,107.0031648,Buka,
c12491c6-dd2a-4165-9e19-69c1d368589b,Pertamina 34-17136,GAS_STATION,-6.2068609,107.0174771,Buka,
f7529900-5fd0-43c8-b214-94f3d1123162,Pertamina 34-17137,GAS_STATION,-6.2269268,106.98681,Buka,
40bd81e2-730e-4c05-9d6b-b300685e6522,Pertamina 34-17107,GAS_STATION,-6.2219183,107.0155057,Buka,
f22aabfa-63ca-42d7-8bfe-46da99238007,Puskesmas Kelurahan Jatikramat,HOSPITAL,-6.2827653,106.9437339,Buka 24 Jam,
bcc25071-c936-482a-8b5a-5e9731e8b7a6,Rumah Sakit Mitra Keluarga,HOSPITAL,-6.1518769,106.897148,Buka 24 Jam,
6c828b6c-946e-4635-a76c-b1f6cebc6e29,SPBU Pertamina 34.127.07,GAS_STATION,-6.2448557,106.8422291,Buka,
b7557d6f-2446-48e5-a3a6-fc8cb73ef4da,Police Station Terdekat,POLICE_STATION,-6.1798003,106.8231406,Buka 24 Jam,
b1185ff5-0da9-4f51-bc02-23a3f2f58a4d,Police Station Terdekat,POLICE_STATION,-6.1794835,106.8232799,Buka 24 Jam,
4e143f33-c1e9-4835-a3df-a67d86cf3d19,34 - 12602,GAS_STATION,-6.3186304,106.8376406,Buka,
23789bd9-5dff-4712-9c5d-eb39ff70318d,BP Grand Galaxy,GAS_STATION,-6.2673701,106.9745174,Buka,+628559990060
ef75acff-555d-476f-9385-c33a716f67b2,SPBU VIVO Pekayon,GAS_STATION,-6.2764232,106.9755208,Buka,
dca402c9-3630-473f-a4b7-7b2fa2bb1f42,Polsub Sektor Harapan Indah,POLICE_STATION,-6.1807139,106.9818051,Buka 24 Jam,
000ae9b0-0754-4663-a7cb-5bd07bbb9e72,SPBU 34.174.14,GAS_STATION,-6.2963801,106.9685657,Buka,
e7da48d7-235e-486b-b3d1-839edd0dfccf,SPBU VIVO Jatikramat,GAS_STATION,-6.286979,106.9444374,Buka,
a1374e85-1e28-4245-853c-54bfdc312a0d,Puskesmas Setu 1,HOSPITAL,-6.3350931,107.0456009,Buka 24 Jam,
243143b4-3346-4465-9a03-7b31c03c28c8,Shell Raya Pekayon-1 Bekasi,GAS_STATION,-6.2867674,106.9674629,Buka,+622182755343
ef010ffd-bfd8-4c31-8102-ff06e14e70d6,Pertamina 34-17130,GAS_STATION,-6.1765627,106.9993633,Buka,
0edc04fe-e438-4816-88fd-32ced3c8534d,RS EMC Cibitung,HOSPITAL,-6.2895307,107.0829583,Buka 24 Jam,
ab8b3504-aa11-4432-898b-55ace83f9b01,Pertamina 34-17123,GAS_STATION,-6.1854974,106.9775168,Buka,
dcc07df5-ecd7-467e-9075-7f0bcba4ebe4,RS Dokter Adam Talib Cikunir,HOSPITAL,-6.2781364,106.9599484,Buka 24 Jam,+6281292535076
e9ea8cce-f8a4-4c40-b91d-611d8b10dfe5,BP AKR Kota Harapan Indah,GAS_STATION,-6.1696213,106.9742197,Buka,
3aa4b3cd-cc3f-4ad7-9372-3101c7d34bd4,SPBU VIVO Margajaya,GAS_STATION,-6.2501479,106.9923156,Buka,
1476098e-53c0-44bc-8580-12bc9607e275,BP Gunung Putri,GAS_STATION,-6.346326,106.9621863,Buka,
62887242-e78f-46cb-bb5c-0a97488b826a,Pertamina 34-16928,GAS_STATION,-6.3474967,106.961684,Buka,
54a6ca77-965f-4ac8-b56e-e36adddd9ce2,Primaya Hospital Karawang,HOSPITAL,-6.3306036,107.2969964,Buka 24 Jam,+62 1 500 007
1bce5609-e590-43ac-9698-902f7fc39cd8,RS Mitra Keluarga Pratama Jati Asih,HOSPITAL,-6.2879315,106.9535834,Buka 24 Jam,+622185511000
0df7eb68-2aac-4ac7-b1c8-3c6fc14f3ac5,RSPI Prof. Dr. Sulianti Saroso,HOSPITAL,-6.1295753,106.8623153,Buka 24 Jam,+62 21 6506 559
7de6dfef-72ea-4d2f-b54f-ca3c7c48d242,Polsek Tarumajaya,POLICE_STATION,-6.1162572,106.9958433,Buka 24 Jam,
f5e10807-766c-4978-917f-5a85743a50cb,Rumah Sakit Juwita,HOSPITAL,-6.2518175,107.0009224,Buka 24 Jam,
8bee7309-6091-4c8d-9aff-b5496f8f2e3e,RSUD Pondok Gede,HOSPITAL,-6.2828534,106.9135259,Buka 24 Jam,
72afa945-3e09-4d39-88b2-2a91442367bd,Pertamina,GAS_STATION,-6.300217,106.8350438,Buka,
012b7374-edcb-4664-88f9-f0b64b67dd99,RS Hermina Cibitung,HOSPITAL,-6.2538145,107.1151798,Buka 24 Jam,
9008fc10-360e-4ea6-a2db-1668a66f0ff7,Shell Jatimekar-1,GAS_STATION,-6.28634,106.9460942,Buka,+622185522968
b2faeb22-0eef-4f2e-ba13-d94be36b4ae4,Shell Wibawa Mukti-1 BKS,GAS_STATION,-6.3086122,106.9537876,Buka,+622182784144
5549df37-77d5-4867-b4c1-f6611710db5c,Shell Cipendawa-1 BKS,GAS_STATION,-6.2999915,106.9761127,Buka,+622182766066
e5bf9b46-5fbd-4fb9-9c8f-0820fb928271,Shell Cut Mutia-2 BEKASI,GAS_STATION,-6.2605758,107.0025478,Buka,+622182765404
69260f3b-341f-4647-9248-911b6add3b34,Shell Noer Ali-2,GAS_STATION,-6.2499043,106.9713286,Buka,+62 21 8946812
c406b7b9-22b9-4c24-8095-1b0280c72847,Shell Pondok Gede-1 BKS,GAS_STATION,-6.2694746,106.911986,Buka,+622185211909
df9cc52c-64c7-4abf-abf7-6922c39489b9,Hospital Terdekat,HOSPITAL,-6.2779166,106.871969,Buka 24 Jam,
8dc046c5-e03d-4ef7-95d9-950d781dcb31,Rumah Sakit Hermina Galaxy,HOSPITAL,-6.2688215,106.9721715,Buka 24 Jam,
1115919b-4c9c-4384-8a3b-7c75775bf440,RS Mayapada Kuningan,HOSPITAL,-6.2185353,106.8318976,Buka 24 Jam,
88ef6e10-d63f-4c1a-8930-07c4c1bd2204,Pertamina 34.17101,GAS_STATION,-6.2863706,106.9865597,Buka,
8c8c59fd-c58f-42ca-8432-364bf1be3c37,Batalyon D Brimob Polda Metro Jaya,POLICE_STATION,-6.3411055,107.18218,Buka 24 Jam,
ac7027c5-a771-4188-911e-a9702265f996,Pertamina 34-13810,GAS_STATION,-6.3088621,106.8970396,Buka,
1ac93bfd-caee-4908-95ac-83065389534a,VIVO HANKAM,GAS_STATION,-6.3089422,106.8973261,Buka,
16113c97-320d-4eaa-8419-5f4f56cbea1f,SPBG Terminal Pinang Ranti,GAS_STATION,-6.2911944,106.8867255,Buka,
ba24f4d1-a46c-4b45-9d1d-9bd4dcb87e41,SPBU VIVO Cilangkap,GAS_STATION,-6.3387215,106.9003784,Buka,
e130979e-b692-4eb2-84e7-6472a24ce7dd,SPBU VIVO Pasar Minggu,GAS_STATION,-6.2513925,106.8431357,Buka,
8553d967-c008-4cfe-b377-fc027ccb2782,SPBU VIVO MT Haryono,GAS_STATION,-6.2427106,106.8497737,Buka,
894a6dd8-ac9d-4f48-9eb4-0b407aaf2787,SPBU VIVO Kalimalang,GAS_STATION,-6.2492787,106.9522082,Buka,
d71b5987-f4d1-4ae3-b8e5-6a22243f68c9,SPBU VIVO Warung Buncit,GAS_STATION,-6.2642581,106.8300038,Buka,
1717137f-1e7e-4f0d-a274-fae651cd04ab,SPBU VIVO Pejaten,GAS_STATION,-6.2846149,106.8269991,Buka,
3457a33c-5d01-407d-a2f1-4d9c4a02f66a,SPBU VIVO Kemang,GAS_STATION,-6.2610932,106.8153221,Buka,
dadd338c-b02b-4462-b3a7-d4f36e112dfd,SPBU VIVO Cilandak,GAS_STATION,-6.3096806,106.8134857,Buka,
4403b3ef-ee58-414d-a7ac-d2b47d782c7c,SPBU VIVO Antasari,GAS_STATION,-6.2779099,106.8079645,Buka,
5c0d3dc3-e675-4998-acf7-1be4f9da234e,SPBU VIVO Tendean,GAS_STATION,-6.2391297,106.8187414,Buka,
2a65fcd1-72ca-458c-a67e-60ebd838f73a,SPBU VIVO Cimuning,GAS_STATION,-6.3210977,107.0193292,Buka,
e9026c7e-0cfc-417a-ac0f-5bc317f51d30,SPBU VIVO Cideng,GAS_STATION,-6.1665909,106.8110281,Buka,
2fa4ff2d-e93c-4383-9bcd-f9794e3d260d,SPBU VIVO Tambun,GAS_STATION,-6.2655283,107.0744951,Buka,
1c3e81c5-b98f-4f54-b8d1-0b4d1a1df071,Shell Cut Meutia-1 BKS,GAS_STATION,-6.2722629,106.992965,Buka,+622182738693
ae1f263c-5749-4644-ad8f-87b573359140,Shell Pemuda-1 EAST JKT,GAS_STATION,-6.1938345,106.8889863,Buka,+622147861720
66be6a73-a6eb-416f-9d92-c8132b1192ae,Shell A.Yani-1 CNTRL JKT,GAS_STATION,-6.1859387,106.8748202,Buka,+62214256350
9a3a30a6-fdb8-4d36-876b-e5c1e3fd0826,Shell Suprapto-1 CENTRAL JKT,GAS_STATION,-6.1705651,106.864834,Buka,+622142871776
c4097419-586e-40a3-a570-8c57a3c6ec5b,Shell,GAS_STATION,-6.1480557,106.8887998,Buka,+622165306929
3d3c50d0-12d7-447a-ae06-4586d5d2cd31,Shell Kelapa Gading-1 NORTH JKT DO,GAS_STATION,-6.1580128,106.9003958,Buka,+622122450803
cec2bfc2-5240-45cc-bb5e-e8c466b006e3,Shell Semper-1 JKT DO,GAS_STATION,-6.1309606,106.9142054,Buka,+62214351189
b821f782-49f2-462d-823d-115ee5bf7200,Shell Sunter Sel-1 NORTH JKT,GAS_STATION,-6.1469012,106.8669658,Buka,+622165834492
ba8e3930-0805-4226-b10c-58dc1aacb30d,Shell Kemayoran-1 CENTRAL JKT,GAS_STATION,-6.1463807,106.8355428,Buka,+622162308244
36adc18b-d288-407e-aca1-6d24eb749705,Shell GN. Sahari-1 CENTRAL JKT,GAS_STATION,-6.160663,106.8381547,Buka,+62214249191
adba4b43-0bba-4297-9d17-6d3b9c70a13c,Shell Menteng-1 CENTRAL JKT,GAS_STATION,-6.1852271,106.8360374,Buka,+62213926693
9d7a7c4c-ed57-4daf-bcd3-60ac3e581506,Shell RP Soeroso-1 CENTRAL JKT,GAS_STATION,-6.1906928,106.8363377,Buka,+62213912881
7abe8e2a-269f-4ff4-9ecc-5ec9cd02c309,Shell Satrio-1 SOUTH JKT,GAS_STATION,-6.2199894,106.8205026,Buka,+622157956756
8ed8d300-8fd0-45a5-9175-84611d8cee4c,Shell Lapangan Ros-1 SOUTH JAKARTA,GAS_STATION,-6.2248586,106.8526602,Buka,+622183791446
20949d79-3579-4454-b402-e1baa97c0da7,Shell MT Haryono-1 EAST JKT,GAS_STATION,-6.2438546,106.864455,Buka,+622180884482
984d311f-2228-4c95-a6a1-3ab15209d64b,Shell MT Haryono-2 SOUTH JKT,GAS_STATION,-6.2425238,106.8555554,Buka,+622183704550
f38e1b6d-4ab1-4914-b8b1-617bf1f60ea1,Shell Pasar Minggu-1 SOUTH JKT,GAS_STATION,-6.2642951,106.8429677,Buka,+622179198353
e2a213f2-fad7-449f-a2bb-d4a84828027a,Shell Kemang Raya-1 SOUTH JKT,GAS_STATION,-6.2608359,106.8158174,Buka,+62217194429
c7a60f06-529d-47c3-9dc4-dc46d7f3e477,Shell Antasari-2 SOUTH JKT,GAS_STATION,-6.2654835,106.8081619,Buka,+62217228418
037c22e2-f28a-4ad1-95e3-000d805ae0fd,Shell Warung JT BRT-1 SOUTH JKT,GAS_STATION,-6.2837851,106.8265174,Buka,+622178836786
2d778c0d-a0bb-409e-a565-604c4d9e271d,Shell,GAS_STATION,-6.3039354,106.8403545,Buka,+622178843464
6a575ac1-9352-47c7-ab93-ffb65a9e340f,Shell Gatot Subroto-1 SOUTH JKT,GAS_STATION,-6.2408049,106.8371626,Buka,+62218292722
b4217010-2f8e-4768-a8cd-76b8ad220348,Shell Mampang-1 SOUTH JKT,GAS_STATION,-6.2464422,106.8264719,Buka,+62217945592
e545bbc0-9bcb-4ef0-9b94-85caa21713a4,Shell Tendean-1 SOUTH JKT,GAS_STATION,-6.2396127,106.8194371,Buka,+622152922577
7db55561-ff6b-4845-bc3a-11c8f45cfd0d,Shel Hasyimashari-1 CENTRAL JKT,GAS_STATION,-6.1651152,106.8125908,Buka,+622163855008
bf7d3593-8eb3-499e-a876-5f708105bb9b,SPBU Pertamina COCO 31.131.01,GAS_STATION,-6.1933516,106.864057,Buka 24 Jam,
ab183b5f-a9f9-4620-8c49-0aef161bda52,SPBU Pertamina COCO 31.133.01,GAS_STATION,-6.2311809,106.8676847,Buka 24 Jam,
96fbe79d-45a0-466c-97f2-c20f8a8b0b56,SPBU Pertamina COCO 31.134.01,GAS_STATION,-6.2123809,106.9002541,Buka 24 Jam,
9029125f-12b9-4908-ae7f-285f33f8fd92,SPBU Pertamina COCO 31.134.02,GAS_STATION,-6.247419,106.9180564,Buka 24 Jam,
39a46755-b592-4d6f-956c-9074e443bac3,SPBU Pertamina COCO 31.136.02,GAS_STATION,-6.2601128,106.8677925,Buka 24 Jam,
c0887734-f576-4754-9b47-977024e10e87,SPBU Pertamina COCO 31.139.02,GAS_STATION,-6.1829455,106.9146841,Buka 24 Jam,
21ec439b-ceee-4ac0-b5d2-843a66896001,SPBU Pertamina 33-13402,GAS_STATION,-6.2289272,106.9125095,Buka,
887860dd-44f4-409f-b846-c93db961d92f,SPBU Pertamina 33-13401,GAS_STATION,-6.2491014,106.9412821,Buka,
39976e15-b045-41b1-b30c-30fd13181d2a,SPBU Pertamina 34-13101,GAS_STATION,-6.1961728,106.8737161,Buka 24 Jam,
435aa8f3-f58b-4a62-94f4-703c2f4e153a,SPBU Pertamina 34-13808,GAS_STATION,-6.3322361,106.8887359,Buka 24 Jam,
aeb55ce6-37f9-432e-b9e0-b260dafcf41d,SPBU Pertamina 34-13805,GAS_STATION,-6.3059402,106.9167028,Buka 24 Jam,
36b1dee2-1e10-44f5-a76e-b19b6b661747,SPBU Pertamina 34-13503,GAS_STATION,-6.2950019,106.8821971,Buka,
fbe814be-4df3-41f2-9e0f-53d7f0995c66,SPBU Pertamina 34-13504,GAS_STATION,-6.2906362,106.8844977,Buka 24 Jam,
b414da8e-4aac-41ab-ab73-09a28468863d,SPBU Pertamina 34-13102,GAS_STATION,-6.2026093,106.8561736,Buka 24 Jam,
ff91561b-7a03-4a2a-845a-e457abab9e4e,Pertamina,GAS_STATION,-6.2050449,106.8574335,Buka 24 Jam,
f928e6d9-4df4-4c91-8b29-e53633cb2920,Gas Station Terdekat,GAS_STATION,-6.2134973,107.0337947,Buka,
91df5e8b-8451-43a8-bd58-f14e961c5411,Gas Station Terdekat,GAS_STATION,-6.2221666,107.0333871,Buka,
4a2860bc-7a4f-4958-9c2b-fd3e07b8806e,Rumah Sakit Umum Daerah Karawang,HOSPITAL,-6.3205328,107.2932651,Buka 24 Jam,
0a9232c9-8b20-4ef9-9cca-95efa2bc30e4,Pertamina 34-17553,GAS_STATION,-6.2215581,107.1815179,Buka,
3a3b277b-7047-4bd1-9971-ca57c5aae979,Pertamina 34-17601,GAS_STATION,-6.2319662,107.1599323,Buka,
cb1d0616-b487-4345-8611-f0abe38e49c7,RS Permata Keluarga Jababeka,HOSPITAL,-6.2847581,107.173845,Buka 24 Jam,
8ef332f6-7575-4805-96d8-47d77a06ff45,Kepolisian Resor Metro Bekasi,POLICE_STATION,-6.2813614,107.1671676,Buka 24 Jam,
32b7318a-2d73-4c17-8758-89f512fd19ee,Pertamina 34.176.06,GAS_STATION,-6.2007965,107.1301379,Buka,
1bc5ed4e-6b47-4d58-aeae-53bda405dfac,Pertamina 34-17546,GAS_STATION,-6.3266987,107.1824772,Buka,
2e3dc86b-f3a1-4ed6-945e-6033dcce85ba,BP,GAS_STATION,-6.3384234,107.1533007,Buka,
3a473558-1d2a-47d0-a59b-417ff16adc9a,Pertamina,GAS_STATION,-6.343314,107.1551112,Buka,
b1e1a173-db19-4800-83a0-3547c5aea595,Polsek Cikarang Selatan,POLICE_STATION,-6.3447941,107.1559229,Buka 24 Jam,
884483df-d011-4019-ab0b-5dc67cbb6503,Altius Hospitals,HOSPITAL,-6.1547114,106.9822348,Buka 24 Jam,
25f0212b-60e5-4256-ac1e-8f90f5aa8ac4,Pertamina,GAS_STATION,-6.1628532,107.0058273,Buka,
ef7039e9-9997-45e8-a85b-c415c9097eda,Pertamina,GAS_STATION,-6.330931,107.1480985,Buka 24 Jam,
4eb5f0f6-efdb-4c74-9250-c37ef5cea1a3,RS Hosana Medica,HOSPITAL,-6.3307379,107.1305168,Buka 24 Jam,
15a36f2a-f4ef-4177-aaa1-c99565320aab,Kantor Polisi Subsektor Bintara,POLICE_STATION,-6.2306671,106.9598314,Buka 24 Jam,
67eba667-fd93-4c7f-90b9-8873c4171b46,Pertamina,GAS_STATION,-6.2334801,106.9653017,Buka,
0af19f9c-6f7a-4f79-91ee-290ea8e74087,Shell,GAS_STATION,-6.2207667,106.963263,Buka,
72e60b65-1bc2-4eaa-b31b-1cf5df60d27a,Pertamina,GAS_STATION,-6.2464258,106.9653857,Buka,
c0cb4101-502f-41af-9684-bb1f4407565c,Siloam Hospitals Mampang,HOSPITAL,-6.2535546,106.8266651,Buka 24 Jam,
28c25daf-a944-4fd3-9a8d-7e3333052e38,Polsubsektor JGC Cakung Timur,POLICE_STATION,-6.1774936,106.9539267,Buka 24 Jam,
f2e0125a-d837-4bfe-abe7-0822320be534,Shell,GAS_STATION,-6.1759227,106.9561502,Buka 24 Jam,
1c900b27-f93f-4158-b383-45c711d860d6,Satuan Brimob Polri Daerah Metro Jaya,POLICE_STATION,-6.1795729,106.839222,Buka 24 Jam,
b5f883ab-e5d7-4546-a70a-715eb313c811,RSUD Cabangbungin,HOSPITAL,-6.0918725,107.1869351,Buka 24 Jam,
af32ed2c-dbbd-44a7-89f7-330ffba8ac55,Pertamina,GAS_STATION,-6.1216656,106.8043038,Buka,
20ebe94e-bb1b-4d82-a42e-422914b8c8b2,Pertamina,GAS_STATION,-6.1072403,106.9221567,Buka,
32165a3a-2f5b-4277-a037-7b0280ee2f77,Rumah Sakit Permata Keluarga Karawang,HOSPITAL,-6.3225583,107.2916048,Buka 24 Jam,+62 267 6491199
4a2aa2d7-a665-4622-a164-6303ee22c23e,RS Mitra Family Karawang,HOSPITAL,-6.3155295,107.2941808,Buka 24 Jam,
9473f283-4a80-42a2-a532-4d592fdd2690,Gas Station Terdekat,GAS_STATION,-6.3044558,107.2775017,Buka 24 Jam,
025b705f-12b0-410e-8baa-7c70e62e2fab,Police Station Terdekat,POLICE_STATION,-6.1962377,106.8042377,Buka 24 Jam,
e9afddb2-186f-40c5-8d2d-50d0a0e5840c,Primaya Hospital Kelapa Gading,HOSPITAL,-6.1640052,106.9296244,Buka 24 Jam,+62 1 500 007
b9e65293-8bfd-45a0-ba7d-7a92c88eaa47,RS Permata Keluarga,HOSPITAL,-6.2231662,106.9953515,Buka 24 Jam,
6b6bac93-a2b3-4fc1-897e-0afa1faa24af,RSUD Cipayung,HOSPITAL,-6.30742,106.9050595,Buka 24 Jam,
67f828f6-d439-4dce-a10e-f63a780fc99b,Pertamina 34-13810,GAS_STATION,-6.3087954,106.8967823,Buka,
19ccf9a1-409e-4248-bab9-b1d888353d66,Polsek Cipayung,POLICE_STATION,-6.3087484,106.8997898,Buka 24 Jam,
0ef1a9b8-ec3d-47c3-84a9-d3eac44682a7,Pertamina,GAS_STATION,-6.2585038,107.1662128,Buka,
694452ef-9efe-4cde-bbac-6604b187bdfe,Pertamina,GAS_STATION,-6.3291512,107.0501891,Buka,
b465bb70-be48-4726-95be-39ba3c90ecf4,Pertamina,GAS_STATION,-6.3149587,107.0624221,Buka,
785bfd4e-a3af-48f0-ad58-50d248c7ba50,Pertamina,GAS_STATION,-6.2501517,107.014672,Buka,
806a2474-7f4a-4a20-9a7d-0c3136e7a410,Primaya Hospital,HOSPITAL,-6.2600864,107.02051,Buka 24 Jam,
b944d796-471d-433d-8767-5bb30e6968ca,Polsubsektor Sarinah,POLICE_STATION,-6.1883768,106.8242592,Buka 24 Jam,
